ObjectID,GlobalID,Channel Unit Type,Channel Unit Number,Channel Segment Number,Maximum Depth (m),Thalweg Exit Depth (m),Overhanging Cover,Aquatic Vegetation,Woody Debris Cover,Artificial Cover,Total No Cover,Pebble 1 (mm),Pebble 2 (mm),Pebble 3 (mm),Pebble 4 (mm),Pebble 5 (mm),Pebble 6 (mm),Pebble 7 (mm),Pebble 8 (mm),Pebble 9 (mm),Pebble 10 (mm),Pebble 11 (mm),Sand/Fines 2mm,Gravel 2-64mm,Cobble 64-256mm,Boulder 256mm,ParentGlobalID,CreationDate,Creator,EditDate,Editor
4,f0697c96-0a44-44d5-9bb2-a95fd72d046e,Riffle,1,1,0.4,0.29,0.2,0.2,,,0.7,38.5,38.5,27.3,27.3,13.65,27.3,19.3,19.3,19.3,9.65,4.85,,,,,8283f953-20ae-4fdd-9e33-feef42407684,5/22/2019 14:16,richie@qcinc.org,5/22/2019 14:16,richie@qcinc.org
5,09f580cc-e02f-409a-a54e-3b7b020c4f42,Pool,2,1,0.56,0.26,0.1,0.2,0.1,,0.7,,,,,,,,,,,,90,10,,,8283f953-20ae-4fdd-9e33-feef42407684,5/22/2019 14:16,richie@qcinc.org,5/22/2019 14:16,richie@qcinc.org
6,0abed8a8-f758-4b48-a788-7bbbc6a40e80,Riffle,3,1,0.3,0.27,0.1,,,0.1,0.8,27.3,9.65,9.65,38.5,19.3,19.3,19.3,13.65,19.3,9.65,9.65,,,,,8283f953-20ae-4fdd-9e33-feef42407684,5/22/2019 14:16,richie@qcinc.org,5/22/2019 14:16,richie@qcinc.org
7,5800a34d-e34b-47ad-95bd-8756b81ecaef,Run,4,1,0.31,0.29,0.4,0.1,,,0.6,,,,,,,,,,,,70,30,,,8283f953-20ae-4fdd-9e33-feef42407684,5/22/2019 14:16,richie@qcinc.org,5/22/2019 14:16,richie@qcinc.org
8,bb49b5e4-85c9-4fe0-9454-db4f8eb5e732,Pool,5,1,0.95,0.36,0.1,,,,0.9,,,,,,,,,,,,80,20,,,8283f953-20ae-4fdd-9e33-feef42407684,5/22/2019 14:16,richie@qcinc.org,5/22/2019 14:16,richie@qcinc.org
9,909c57a9-eafe-4335-aaa0-b4e149403a04,Riffle,6,1,0.34,0.34,0.2,0.1,,,0.8,0.06,27.3,13.65,13.65,6.85,27.3,19.3,27.3,13.65,4.85,13.65,,,,,8283f953-20ae-4fdd-9e33-feef42407684,5/22/2019 14:16,richie@qcinc.org,5/22/2019 14:16,richie@qcinc.org
10,5f567956-11e1-4202-a180-5f4c772deaba,Pool,7,1,0.58,0.22,0.1,0.1,0.1,,0.8,,,,,,,,,,,,,,,,8283f953-20ae-4fdd-9e33-feef42407684,5/22/2019 14:16,richie@qcinc.org,5/22/2019 14:16,richie@qcinc.org
11,1697a8a0-b5b5-46f5-af57-ba1cd44e0723,Run,8,1,0.42,0.32,0.3,,,,0.7,,,,,,,,,,,,60,40,,,8283f953-20ae-4fdd-9e33-feef42407684,5/22/2019 14:16,richie@qcinc.org,5/22/2019 14:16,richie@qcinc.org
12,e2462e56-51e5-4ff1-9f00-b24e678f3687,Pool,9,1,0.7,0.3,0.1,,0.3,,0.6,,,,,,,,,,,,80,20,,,8283f953-20ae-4fdd-9e33-feef42407684,5/22/2019 14:16,richie@qcinc.org,5/22/2019 14:16,richie@qcinc.org
13,8ac36e9d-3e28-49f4-9e73-dc2a15584483,Riffle,10,1,0.33,0.32,0.2,0.1,,,0.8,0.06,0.06,77,38.5,1.03,13.65,1.03,38.5,27.3,4.85,1.03,,,,,8283f953-20ae-4fdd-9e33-feef42407684,5/22/2019 14:16,richie@qcinc.org,5/22/2019 14:16,richie@qcinc.org
14,3af98b02-fdda-4672-91fe-1b877afe0542,Pool,11,1,0.57,0.33,0.1,,0.2,,0.7,,,,,,,,,,,,80,20,,,8283f953-20ae-4fdd-9e33-feef42407684,5/22/2019 14:16,richie@qcinc.org,5/22/2019 14:16,richie@qcinc.org
15,922e3a7f-1d44-499e-ae99-cee499530bab,Riffle,12,1,0.39,0.36,0.1,0.1,,,0.8,1.03,9.65,13.65,0.06,54.5,27.3,19.3,27.3,9.65,9.65,9.65,,,,,8283f953-20ae-4fdd-9e33-feef42407684,5/22/2019 14:16,richie@qcinc.org,5/22/2019 14:16,richie@qcinc.org
16,17c63cc2-d88f-40fd-b4cf-f3c61bed9ca3,Pool,13,1,0.6,0.29,0.1,,,,0.9,,,,,,,,,,,,30,50,20,,8283f953-20ae-4fdd-9e33-feef42407684,5/22/2019 14:16,richie@qcinc.org,5/22/2019 14:16,richie@qcinc.org
17,eb518f82-7954-4413-92f1-efda8f357e44,Riffle,14,1,0.4,0.4,0.1,0.1,,,0.8,4.85,13.65,1.03,13.65,38.5,38.5,27.3,6.85,19.3,38.5,0.06,,,,,8283f953-20ae-4fdd-9e33-feef42407684,5/22/2019 14:16,richie@qcinc.org,5/22/2019 14:16,richie@qcinc.org
18,b9d36cae-d5e0-4197-9e94-3d1e381a2db0,Pool,15,1,0.56,0.31,0.3,,,,0.7,,,,,,,,,,,,40,50,10,,8283f953-20ae-4fdd-9e33-feef42407684,5/22/2019 14:16,richie@qcinc.org,5/22/2019 14:16,richie@qcinc.org
19,bb4f1143-5605-4835-b78f-2bbd85929331,Riffle,16,1,0.39,0.38,0.1,0.1,,0.2,0.7,77,0.06,27.3,13.65,27.3,38.5,3,13.65,13.65,3,9.65,,,,,8283f953-20ae-4fdd-9e33-feef42407684,5/22/2019 14:16,richie@qcinc.org,5/22/2019 14:16,richie@qcinc.org
20,3c2318a1-612e-4ede-af68-bef43477a3a8,Pool,17,1,0.5,0.22,0.1,,0.1,,0.8,,,,,,,,,,,,80,20,,,8283f953-20ae-4fdd-9e33-feef42407684,5/22/2019 14:16,richie@qcinc.org,5/22/2019 14:16,richie@qcinc.org
21,41a283a8-21ec-4e71-9450-1f160838fb24,Riffle,18,1,0.27,0.27,0.1,,0.1,,0.8,0.06,1.03,19.3,38.5,19.3,1.03,38.5,109,27.3,27.3,13.65,,,,,8283f953-20ae-4fdd-9e33-feef42407684,5/22/2019 14:16,richie@qcinc.org,5/22/2019 14:16,richie@qcinc.org
22,27cfb3e3-ff5f-46dd-a40e-981701eb38a2,Pool,19,1,0.62,0.24,0.1,,0.4,,0.5,,,,,,,,,,,,80,20,,,8283f953-20ae-4fdd-9e33-feef42407684,5/22/2019 14:16,richie@qcinc.org,5/22/2019 14:16,richie@qcinc.org
23,ef465e11-6daf-4033-8a06-f584a2c83823,Riffle,20,1,0.4,0.2,,,,,0.9,54.5,154,3,19.3,54.5,1.03,109,54.5,3,6.85,19.3,,,,,8283f953-20ae-4fdd-9e33-feef42407684,5/22/2019 14:16,richie@qcinc.org,5/22/2019 14:16,richie@qcinc.org
24,2607756d-119f-4f6c-80b3-bac27d4d446a,Pool,21,1,0.6,0.32,,,,,1,,,,,,,,,,,,80,10,10,,8283f953-20ae-4fdd-9e33-feef42407684,5/22/2019 14:16,richie@qcinc.org,5/22/2019 14:16,richie@qcinc.org
25,c66eed17-d71b-497e-9377-b7e837a7693a,Riffle,22,1,0.33,0.25,,0.1,,,0.9,0.06,54.5,1.03,54.5,27.3,3,19.3,19.3,38.5,3,6.85,,,,,8283f953-20ae-4fdd-9e33-feef42407684,5/22/2019 14:16,richie@qcinc.org,5/22/2019 14:16,richie@qcinc.org
26,734fb6d1-ffc0-4e50-ae83-f3a883e195bf,Pool,23,1,0.63,0.2,0.1,,0.4,,0.5,,,,,,,,,,,,80,20,,,8283f953-20ae-4fdd-9e33-feef42407684,5/22/2019 14:16,richie@qcinc.org,5/22/2019 14:16,richie@qcinc.org
27,b3abb8e3-16c1-4f73-bbc1-f13729236d65,Riffle,24,1,0.48,0.31,0.2,,,,0.8,38.5,3,38.5,38.5,27.3,54.5,77,9.65,13.65,13.65,27.3,,,,,8283f953-20ae-4fdd-9e33-feef42407684,5/22/2019 14:16,richie@qcinc.org,5/22/2019 14:16,richie@qcinc.org
28,0fe1e56f-a115-4147-b120-ce503a511122,Run,25,1,0.39,0.27,0.2,,,,0.8,,,,,,,,,,,,70,30,,,8283f953-20ae-4fdd-9e33-feef42407684,5/22/2019 14:16,richie@qcinc.org,5/22/2019 14:16,richie@qcinc.org
29,8dbad2ba-f8bd-40f9-8c5a-5e894fceb426,Pool,26,1,0.63,0.28,0.1,,,,0.9,,,,,,,,,,,,50,40,10,,8283f953-20ae-4fdd-9e33-feef42407684,5/22/2019 14:16,richie@qcinc.org,5/22/2019 14:16,richie@qcinc.org
30,3bcd1a36-5bc2-4415-b9fe-d6b13c92f066,Riffle,27,1,0.26,0.26,0.1,,,,0.9,109,9.65,1.03,9.65,13.65,13.65,4.85,4.85,54.5,38.5,13.65,,,,,8283f953-20ae-4fdd-9e33-feef42407684,5/22/2019 14:16,richie@qcinc.org,5/22/2019 14:16,richie@qcinc.org
31,e1a75d0e-44b8-4544-ad09-e9bc4607f701,Pool,28,1,0.69,0.25,0.1,,0.2,,0.8,,,,,,,,,,,,70,30,,,8283f953-20ae-4fdd-9e33-feef42407684,5/22/2019 14:16,richie@qcinc.org,5/22/2019 14:16,richie@qcinc.org
32,8ed79715-bf70-4920-ac74-8f8704d229b1,Riffle,29,1,0.39,0.29,0.1,,,,0.9,54.5,1.03,13.65,54.5,9.65,19.3,13.65,77,9.65,3,77,,,,,8283f953-20ae-4fdd-9e33-feef42407684,5/22/2019 14:16,richie@qcinc.org,5/22/2019 14:16,richie@qcinc.org
33,a1bfe348-af9a-4882-8ddf-0e3296abd747,Pool,30,1,0.62,0.28,0.1,,,,0.9,,,,,,,,,,,,70,30,,,8283f953-20ae-4fdd-9e33-feef42407684,5/22/2019 14:16,richie@qcinc.org,5/22/2019 14:16,richie@qcinc.org
34,dd521028-a94c-4a4d-9278-04d8f4af3d0e,Riffle,31,1,0.26,0.26,0.1,,,,0.9,0.06,27.3,9.65,19.3,54.5,77,27.3,19.3,54.5,54.5,27.3,,,,,8283f953-20ae-4fdd-9e33-feef42407684,5/22/2019 14:16,richie@qcinc.org,5/22/2019 14:16,richie@qcinc.org
35,3fd7277c-bfc1-417a-bc5c-3abed667c2d5,Pool,32,1,0.5,0.23,,,0.3,,0.7,,,,,,,,,,,,50,50,,,8283f953-20ae-4fdd-9e33-feef42407684,5/22/2019 14:16,richie@qcinc.org,5/22/2019 14:16,richie@qcinc.org
36,73665daa-8f36-4a8c-8bce-f57f30475bd8,Riffle,33,1,0.24,0.24,0.1,,,,0.9,9.65,38.5,13.65,9.65,1.03,13.65,19.3,13.65,9.65,19.3,27.3,,,,,8283f953-20ae-4fdd-9e33-feef42407684,5/22/2019 14:16,richie@qcinc.org,5/22/2019 14:16,richie@qcinc.org
37,5ae23288-6fa9-4cff-bad3-a58c263cff96,Pool,34,1,0.69,0.23,,,0.3,,0.7,,,,,,,,,,,,50,50,,,8283f953-20ae-4fdd-9e33-feef42407684,5/22/2019 14:16,richie@qcinc.org,5/22/2019 14:16,richie@qcinc.org
38,87123d85-9bb0-4bfc-8225-16db7bf3c12c,Riffle,35,1,0.28,0.22,,,0.1,,0.9,54.5,54.5,109,38.5,9.65,38.5,27.3,27.3,38.5,54.5,19.3,,,,,8283f953-20ae-4fdd-9e33-feef42407684,5/22/2019 14:16,richie@qcinc.org,5/22/2019 14:16,richie@qcinc.org
39,7f65d337-06b7-4411-8474-2a7ce1b50bb6,Pool,36,1,0.77,0.28,0.1,,,,0.9,,,,,,,,,,,,90,10,,,8283f953-20ae-4fdd-9e33-feef42407684,5/22/2019 14:16,richie@qcinc.org,5/22/2019 14:16,richie@qcinc.org
40,0bcff470-0166-43be-8ca8-b7abd11f0188,Riffle,37,1,0.29,0.29,,,0.1,,0.9,9.65,38.5,1.03,9.65,27.3,13.65,9.65,27.3,77,1.03,0.06,,,,,8283f953-20ae-4fdd-9e33-feef42407684,5/22/2019 14:16,richie@qcinc.org,5/22/2019 14:16,richie@qcinc.org
41,2c7a1ece-8b29-4410-9272-c8e8da74ec9a,Pool,38,1,0.65,0.25,0.1,,,,0.9,,,,,,,,,,,,90,10,,,8283f953-20ae-4fdd-9e33-feef42407684,5/22/2019 14:16,richie@qcinc.org,5/22/2019 14:16,richie@qcinc.org
42,a2bb7605-aeed-49cd-8632-28f832bac545,Run,39,1,0.36,0.3,,,,,1,,,,,,,,,,,,100,,,,8283f953-20ae-4fdd-9e33-feef42407684,5/22/2019 14:16,richie@qcinc.org,5/22/2019 14:16,richie@qcinc.org
43,db2542c0-91c6-4356-ac27-139a8a6cef4d,Pool,40,1,0.62,0.3,,,0.1,,0.9,,,,,,,,,,,,90,10,,,8283f953-20ae-4fdd-9e33-feef42407684,5/22/2019 14:16,richie@qcinc.org,5/22/2019 14:16,richie@qcinc.org
44,460603da-c09d-4d6a-ae34-5736c5b7d291,Riffle,41,1,0.25,0.2,0.1,,,,0.9,1.03,9.65,19.3,27.3,13.65,13.65,3,27.3,27.3,38.5,19.3,,,,,8283f953-20ae-4fdd-9e33-feef42407684,5/22/2019 14:16,richie@qcinc.org,5/22/2019 14:16,richie@qcinc.org
45,1150c0c5-d194-4a63-99c1-c1f849b86c60,Pool,42,1,0.54,0.28,0.1,,0.2,,0.7,,,,,,,,,,,,80,20,,,8283f953-20ae-4fdd-9e33-feef42407684,5/22/2019 14:16,richie@qcinc.org,5/22/2019 14:16,richie@qcinc.org
46,c446cc37-ddc7-4512-80b6-937455e68935,Riffle,43,1,0.58,0.32,0.1,,0.1,,0.9,1.03,54.5,27.3,109,77,27.3,109,6.85,77,154,38.5,,,,,8283f953-20ae-4fdd-9e33-feef42407684,5/22/2019 14:16,richie@qcinc.org,5/22/2019 14:16,richie@qcinc.org
47,8415a6dd-0308-4cea-bf7a-9cc02db26ce7,Pool,44,1,0.69,0.2,,,0.2,,0.8,,,,,,,,,,,,70,30,,,8283f953-20ae-4fdd-9e33-feef42407684,5/22/2019 14:16,richie@qcinc.org,5/22/2019 14:16,richie@qcinc.org
48,736dfb7e-0f93-40dd-b380-fb46b51dbe83,Run,45,1,0.41,0.33,0.1,0.1,,,0.8,,,,,,,,,,,,90,10,,,8283f953-20ae-4fdd-9e33-feef42407684,5/22/2019 14:16,richie@qcinc.org,5/22/2019 14:16,richie@qcinc.org
49,bc66871a-dfa5-4633-a116-e8224c9b9d47,Riffle,46,1,0.57,0.4,0.5,,0.2,,0.4,0.06,0.06,77,1.03,54.5,27.3,109,27.3,38.5,38.5,13.65,,,,,8283f953-20ae-4fdd-9e33-feef42407684,5/22/2019 14:16,richie@qcinc.org,5/22/2019 14:16,richie@qcinc.org
50,1f1cdc69-5376-471e-93d3-eb3326f23949,Pool,47,1,0.53,0.19,0.3,,,,0.7,,,,,,,,,,,,70,20,10,,8283f953-20ae-4fdd-9e33-feef42407684,5/22/2019 14:16,richie@qcinc.org,5/22/2019 14:16,richie@qcinc.org
51,a8dc98f7-2304-4f89-b3dd-3873dd64fbc2,Pool,48,1,47,26,0.2,,,,0.8,,,,,,,,,,,,70,30,,,8283f953-20ae-4fdd-9e33-feef42407684,5/22/2019 14:16,richie@qcinc.org,5/22/2019 14:16,richie@qcinc.org
52,1f6d7f3c-1529-4c7d-ba61-5d27ee9e2860,Riffle,49,1,45,38,0.3,,0.2,,0.6,,,,,,,,,,,,40,50,10,,8283f953-20ae-4fdd-9e33-feef42407684,5/22/2019 14:16,richie@qcinc.org,5/22/2019 14:16,richie@qcinc.org
53,3beaa1ba-d56b-4024-95fd-4b64687dffdb,Pool,50,1,0.59,0.37,0.4,,0.1,,0.6,,,,,,,,,,,,90,10,,,8283f953-20ae-4fdd-9e33-feef42407684,5/22/2019 14:16,richie@qcinc.org,5/22/2019 14:16,richie@qcinc.org
54,eae8d57c-a30e-42b4-82f0-be7961a6124e,Run,51,1,0.61,0.47,0.3,,0.1,,0.7,,,,,,,,,,,,90,10,,,8283f953-20ae-4fdd-9e33-feef42407684,5/22/2019 14:16,richie@qcinc.org,5/22/2019 14:16,richie@qcinc.org
55,be31e258-e14a-4b20-a248-21ea870243ae,Riffle,52,1,0.63,0.63,0.4,,0.1,,0.6,,,,,,,,,,,,80,20,,,8283f953-20ae-4fdd-9e33-feef42407684,5/22/2019 14:16,richie@qcinc.org,5/22/2019 14:16,richie@qcinc.org
56,afd85c03-014e-45b8-a145-ea3ea1d572dc,Riffle,53,2,0.31,0.31,0.5,,0.1,,0.5,,,,,,,,,,,,90,10,,,8283f953-20ae-4fdd-9e33-feef42407684,5/22/2019 14:16,richie@qcinc.org,5/22/2019 14:16,richie@qcinc.org
57,c3b8a9e9-7279-4bc4-9f1a-e5f2d7883250,Run,54,2,0.39,0.27,0.1,,,,0.9,,,,,,,,,,,,90,10,,,8283f953-20ae-4fdd-9e33-feef42407684,5/22/2019 14:16,richie@qcinc.org,5/22/2019 14:16,richie@qcinc.org
58,3f45b42d-32c2-4d45-a974-5e88493c153f,Riffle,55,2,0.28,0.28,0.1,,,,0.9,,,,,,,,,,,,60,40,,,8283f953-20ae-4fdd-9e33-feef42407684,5/22/2019 14:16,richie@qcinc.org,5/22/2019 14:16,richie@qcinc.org
59,48af8703-4f7c-4319-857c-793d35c89f63,Run,56,2,0.34,0.2,0.2,,,,0.8,,,,,,,,,,,,90,10,,,8283f953-20ae-4fdd-9e33-feef42407684,5/22/2019 14:16,richie@qcinc.org,5/22/2019 14:16,richie@qcinc.org
60,c0ebf236-fe92-4537-b755-d25491707ae8,SSC,57,3,0.45,0.24,0.3,,,,0.6,,,,,,,,,,,,100,,,,8283f953-20ae-4fdd-9e33-feef42407684,5/22/2019 14:16,richie@qcinc.org,5/22/2019 14:16,richie@qcinc.org
61,5cf83dbf-40ff-4b8f-9026-0888372d69d9,Riffle,58,1,0.44,0.2,0.1,,,,0.9,,,,,,,,,,,,30,40,30,,8283f953-20ae-4fdd-9e33-feef42407684,5/22/2019 14:16,richie@qcinc.org,5/22/2019 14:16,richie@qcinc.org
62,a431dc1d-6e8d-4045-86eb-4bf548aa3c95,Run,59,1,0.63,0.36,,,,,1,,,,,,,,,,,,,,,,8283f953-20ae-4fdd-9e33-feef42407684,5/22/2019 14:16,richie@qcinc.org,5/22/2019 14:16,richie@qcinc.org
63,e132e5b0-4acd-4efe-a528-2c3d26c40164,Riffle,60,1,0.56,0.48,0.2,,0.2,,0.7,,,,,,,,,,,,80,20,,,8283f953-20ae-4fdd-9e33-feef42407684,5/22/2019 14:16,richie@qcinc.org,5/22/2019 14:16,richie@qcinc.org
64,5479a40b-ffd9-4a6e-b8aa-bb6d4946f3bd,Pool,61,1,0.68,0.41,0.2,,0.1,,0.8,,,,,,,,,,,,90,10,,,8283f953-20ae-4fdd-9e33-feef42407684,5/22/2019 14:16,richie@qcinc.org,5/22/2019 14:16,richie@qcinc.org
65,099504bf-d6bd-4e91-8f4b-3216d50d4fae,Riffle,62,1,,0.46,0.1,,0.1,,0.8,,,,,,,,,,,,70,20,10,,8283f953-20ae-4fdd-9e33-feef42407684,5/22/2019 14:16,richie@qcinc.org,5/22/2019 14:16,richie@qcinc.org
66,45d65a04-81c0-4aea-9690-f3248b7929ec,Run,63,1,0.47,0.35,0.2,,,,0.8,,,,,,,,,,,,90,10,,,8283f953-20ae-4fdd-9e33-feef42407684,5/22/2019 14:16,richie@qcinc.org,5/22/2019 14:16,richie@qcinc.org
67,f41449a7-afa0-4375-8a2e-812a87f125b0,Pool,64,1,0.69,0.51,0.2,,,,0.8,,,,,,,,,,,,90,10,,,8283f953-20ae-4fdd-9e33-feef42407684,5/22/2019 14:16,richie@qcinc.org,5/22/2019 14:16,richie@qcinc.org
68,4cf9e8d9-bebe-4219-93f1-99f6047dfc02,Riffle,65,1,0.35,0.35,0.2,,,,0.8,,,,,,,,,,,,40,40,20,,8283f953-20ae-4fdd-9e33-feef42407684,5/22/2019 14:16,richie@qcinc.org,5/22/2019 14:16,richie@qcinc.org
69,23772291-e571-40d2-af1d-8948cf1e4bd7,Pool,66,1,0.68,0.27,0.3,,,,0.7,,,,,,,,,,,,90,10,,,8283f953-20ae-4fdd-9e33-feef42407684,5/22/2019 14:16,richie@qcinc.org,5/22/2019 14:16,richie@qcinc.org
70,d6a97919-6ccf-40f7-bf2f-df2943ef60bd,Run,67,1,0.49,0.49,0.1,,,,0.9,,,,,,,,,,,,100,,,,8283f953-20ae-4fdd-9e33-feef42407684,5/22/2019 14:16,richie@qcinc.org,5/22/2019 14:16,richie@qcinc.org
71,2dd9b36e-aa50-423a-be98-6dadb219a198,Pool,68,1,0.68,0.45,,,,,1,,,,,,,,,,,,80,10,10,,8283f953-20ae-4fdd-9e33-feef42407684,5/22/2019 14:16,richie@qcinc.org,5/22/2019 14:16,richie@qcinc.org
72,48eb9dfc-4e9d-41ed-b0cc-ce46f8643d46,Riffle,69,1,0.35,0.33,0.1,,,,0.9,,,,,,,,,,,,30,40,30,,8283f953-20ae-4fdd-9e33-feef42407684,5/22/2019 14:16,richie@qcinc.org,5/22/2019 14:16,richie@qcinc.org
73,c718328b-2b12-4d67-b9b4-eecbca34c8b6,Pool,70,1,0.8,0.27,0.5,,0.1,,0.4,,,,,,,,,,,,80,20,,,8283f953-20ae-4fdd-9e33-feef42407684,5/22/2019 14:16,richie@qcinc.org,5/22/2019 14:16,richie@qcinc.org
74,909d6054-b26f-48ee-9fad-8720ace116f9,Pool,71,1,0.65,0.32,0.1,,0.1,,0.9,,,,,,,,,,,,90,10,,,8283f953-20ae-4fdd-9e33-feef42407684,5/22/2019 14:16,richie@qcinc.org,5/22/2019 14:16,richie@qcinc.org
75,b1237f4d-a065-45b7-8516-0d1d4119f2f1,Riffle,72,1,0.28,0.24,,,,,1,,,,,,,,,,,,30,50,20,,8283f953-20ae-4fdd-9e33-feef42407684,5/22/2019 14:16,richie@qcinc.org,5/22/2019 14:16,richie@qcinc.org
76,c23a529c-3f52-4500-8fa5-d9f68b079fe3,Pool,73,1,0.51,0.2,,,,,1,,,,,,,,,,,,80,10,10,,8283f953-20ae-4fdd-9e33-feef42407684,5/22/2019 14:16,richie@qcinc.org,5/22/2019 14:16,richie@qcinc.org
77,fdb1b00e-6772-4a27-8f69-43997a5079ff,Riffle,74,1,0.39,0.34,0.3,,,,0.7,,,,,,,,,,,,80,20,,,8283f953-20ae-4fdd-9e33-feef42407684,5/22/2019 14:16,richie@qcinc.org,5/22/2019 14:16,richie@qcinc.org
78,453a3117-4931-459e-ad74-d12ac5fdecce,Pool,75,1,0.59,0.49,0.2,,0.1,,0.8,,,,,,,,,,,,90,10,,,8283f953-20ae-4fdd-9e33-feef42407684,5/22/2019 14:16,richie@qcinc.org,5/22/2019 14:16,richie@qcinc.org
79,df0f8868-39a4-48a9-8b37-1569bc073704,Run,76,1,0.71,0.36,0.3,,0.1,,0.6,,,,,,,,,,,,90,10,,,8283f953-20ae-4fdd-9e33-feef42407684,5/22/2019 14:16,richie@qcinc.org,5/22/2019 14:16,richie@qcinc.org
80,95095903-8d1b-41c4-b951-e28c31b2c61c,Pool,77,1,0.61,0.33,0.3,,0.1,,0.7,,,,,,,,,,,,80,20,,,8283f953-20ae-4fdd-9e33-feef42407684,5/22/2019 14:16,richie@qcinc.org,5/22/2019 14:16,richie@qcinc.org
81,7b142bd7-f443-49bf-96ec-7a34df6b5dee,Riffle,78,1,0.47,0.4,0.2,,,,0.8,,,,,,,,,,,,70,30,,,8283f953-20ae-4fdd-9e33-feef42407684,5/22/2019 14:16,richie@qcinc.org,5/22/2019 14:16,richie@qcinc.org
82,f64ad7e2-8ff0-4fb0-a8bb-38cb071e09aa,Pool,79,1,0.43,0.27,0.2,,0.1,,0.7,,,,,,,,,,,,70,30,,,8283f953-20ae-4fdd-9e33-feef42407684,5/22/2019 14:16,richie@qcinc.org,5/22/2019 14:16,richie@qcinc.org
83,8ac44293-c826-477c-8a2f-c01140d28714,Riffle,80,1,0.39,0.26,0.3,,0.1,,0.7,,,,,,,,,,,,40,50,10,,8283f953-20ae-4fdd-9e33-feef42407684,5/22/2019 14:16,richie@qcinc.org,5/22/2019 14:16,richie@qcinc.org
84,ccd93fa3-2a9b-4dc2-b483-06024b478953,Pool,81,1,0.55,0.36,0.2,,0.1,,0.7,,,,,,,,,,,,90,10,,,8283f953-20ae-4fdd-9e33-feef42407684,5/22/2019 14:16,richie@qcinc.org,5/22/2019 14:16,richie@qcinc.org
85,7898692e-2a6a-49f9-8109-aff50cd86ef5,Riffle,82,1,0.37,0.25,0.2,,0.2,,0.7,,,,,,,,,,,,80,20,,,8283f953-20ae-4fdd-9e33-feef42407684,5/22/2019 14:16,richie@qcinc.org,5/22/2019 14:16,richie@qcinc.org
86,97d0e82d-cf31-4ad4-ade1-184d2708e56e,Pool,83,1,0.47,0.35,0.2,,0.1,,0.8,,,,,,,,,,,,90,10,,,8283f953-20ae-4fdd-9e33-feef42407684,5/22/2019 14:16,richie@qcinc.org,5/22/2019 14:16,richie@qcinc.org
87,875a03d8-7a52-4b50-a4b3-e22959deb64e,Riffle,84,1,0.45,0.34,,,,,1,,,,,,,,,,,,80,20,,,8283f953-20ae-4fdd-9e33-feef42407684,5/22/2019 14:16,richie@qcinc.org,5/22/2019 14:16,richie@qcinc.org
88,778d483d-bba0-434b-ac45-a09090523443,Run,85,1,0.57,0.38,0.3,,0.1,,0.7,,,,,,,,,,,,80,20,,,8283f953-20ae-4fdd-9e33-feef42407684,5/22/2019 14:16,richie@qcinc.org,5/22/2019 14:16,richie@qcinc.org
89,19d00efb-976a-462a-9508-4846067ce26d,Pool,86,1,0.52,0.29,0.4,,0.1,,0.6,,,,,,,,,,,,90,10,,,8283f953-20ae-4fdd-9e33-feef42407684,5/22/2019 14:16,richie@qcinc.org,5/22/2019 14:16,richie@qcinc.org
90,374d986f-a2ed-4e02-8af7-c2bda91096b5,Riffle,87,1,0.39,0.25,0.1,,,,0.9,,,,,,,,,,,,80,20,,,8283f953-20ae-4fdd-9e33-feef42407684,5/22/2019 14:16,richie@qcinc.org,5/22/2019 14:16,richie@qcinc.org
91,a7e86ad5-b4cd-4d25-91d0-7136f969a626,Pool,88,1,0.63,0.29,0.3,,,,0.7,,,,,,,,,,,,80,20,,,8283f953-20ae-4fdd-9e33-feef42407684,5/22/2019 14:16,richie@qcinc.org,5/22/2019 14:16,richie@qcinc.org
92,51980a1c-4a1f-4816-9da3-f7e4da8e2b0b,Riffle,89,1,0.46,0.3,0.3,,0.1,,0.7,,,,,,,,,,,,80,20,,,8283f953-20ae-4fdd-9e33-feef42407684,5/22/2019 14:16,richie@qcinc.org,5/22/2019 14:16,richie@qcinc.org
93,43bfcbd7-0198-4a9b-a19f-31c3f74dd52f,Pool,90,1,85,63,0.1,0.1,,,0.8,,,,,,,,,,,,90,10,,,8283f953-20ae-4fdd-9e33-feef42407684,5/22/2019 14:16,richie@qcinc.org,5/22/2019 14:16,richie@qcinc.org
94,e9e9e5f4-0e69-4f14-8bc8-74a737751ee0,Riffle,91,1,0.39,0.34,0.3,,0.1,,0.7,,,,,,,,,,,,80,20,,,8283f953-20ae-4fdd-9e33-feef42407684,5/22/2019 14:16,richie@qcinc.org,5/22/2019 14:16,richie@qcinc.org
95,7c82a3a2-77bc-4e8f-80f0-b1da59ec18ca,Pool,92,1,0.55,0.4,0.3,,0.1,,0.7,,,,,,,,,,,,90,10,,,8283f953-20ae-4fdd-9e33-feef42407684,5/22/2019 14:16,richie@qcinc.org,5/22/2019 14:16,richie@qcinc.org
96,7ff08598-a9c6-4e9b-adcd-81d23944bef1,Riffle,93,1,0.47,0.36,0.4,,0.1,,0.6,,,,,,,,,,,,80,20,,,8283f953-20ae-4fdd-9e33-feef42407684,5/22/2019 14:16,richie@qcinc.org,5/22/2019 14:16,richie@qcinc.org
97,a70fb47a-f89c-47b7-b543-de844b6ed832,Pool,94,1,0.5,0.4,0.3,,,,0.7,,,,,,,,,,,,80,20,,,8283f953-20ae-4fdd-9e33-feef42407684,5/22/2019 14:16,richie@qcinc.org,5/22/2019 14:16,richie@qcinc.org
98,c215f06e-2b0c-47c2-a024-9265081621af,Run,95,1,0.63,0.39,0.2,0.1,,,0.8,,,,,,,,,,,,70,30,,,8283f953-20ae-4fdd-9e33-feef42407684,5/22/2019 14:16,richie@qcinc.org,5/22/2019 14:16,richie@qcinc.org
99,87ed5002-c2c2-4ea2-afa1-65a8741d630d,Riffle,96,1,0.48,0.31,0.2,,,,0.8,,,,,,,,,,,,70,30,,,8283f953-20ae-4fdd-9e33-feef42407684,5/22/2019 14:16,richie@qcinc.org,5/22/2019 14:16,richie@qcinc.org
100,2ec3bfd3-e7da-46ef-8faa-2270dd060c28,Pool,97,1,0.51,0.31,0.1,,0.1,,0.8,,,,,,,,,,,,80,20,,,8283f953-20ae-4fdd-9e33-feef42407684,5/22/2019 14:16,richie@qcinc.org,5/22/2019 14:16,richie@qcinc.org
101,42a4cc4c-572e-4e4f-b282-cc8e15ff66e8,Riffle,98,1,0.46,0.31,0.2,0.1,,,0.8,,,,,,,,,,,,70,30,,,8283f953-20ae-4fdd-9e33-feef42407684,5/22/2019 14:16,richie@qcinc.org,5/22/2019 14:16,richie@qcinc.org
102,dda76e06-f4d7-4427-9e6a-f18ad846e44b,Pool,99,1,0.47,0.27,0.3,,,,0.7,,,,,,,,,,,,80,20,,,8283f953-20ae-4fdd-9e33-feef42407684,5/22/2019 14:16,richie@qcinc.org,5/22/2019 14:16,richie@qcinc.org
103,8240d7f3-7ad9-4e7f-a8ef-407d54b9fdfe,Riffle,100,1,,0.33,0.1,,,,0.9,,,,,,,,,,,,50,40,10,,8283f953-20ae-4fdd-9e33-feef42407684,5/22/2019 14:16,richie@qcinc.org,5/22/2019 14:16,richie@qcinc.org
104,711ffc0f-69ac-436f-99a5-eb1c13e19e74,Pool,101,1,0.44,0.33,0.3,,,,0.7,,,,,,,,,,,,70,30,,,8283f953-20ae-4fdd-9e33-feef42407684,5/22/2019 14:16,richie@qcinc.org,5/22/2019 14:16,richie@qcinc.org
105,34d727d2-bfa9-477a-980b-a4e6a698398c,Riffle,102,1,0.31,0.23,0.2,,,,0.8,,,,,,,,,,,,60,40,,,8283f953-20ae-4fdd-9e33-feef42407684,5/22/2019 14:16,richie@qcinc.org,5/22/2019 14:16,richie@qcinc.org
106,76a654d9-d4c7-4dce-b05e-9f94171e928b,Pool,103,1,,0.25,0.2,,,,0.8,,,,,,,,,,,,80,20,,,8283f953-20ae-4fdd-9e33-feef42407684,5/22/2019 14:16,richie@qcinc.org,5/22/2019 14:16,richie@qcinc.org
107,be1f5ddf-a60b-4334-b70d-a7c4b3c3b59f,Riffle,104,1,0.4,0.2,,,,,1,,,,,,,,,,,,60,30,10,,8283f953-20ae-4fdd-9e33-feef42407684,5/22/2019 14:16,richie@qcinc.org,5/22/2019 14:16,richie@qcinc.org
108,df2f90f3-74b0-437f-a758-7b034160925a,Pool,105,1,0.48,0.24,0.1,,,,0.9,,,,,,,,,,,,70,20,10,,8283f953-20ae-4fdd-9e33-feef42407684,5/22/2019 14:16,richie@qcinc.org,5/22/2019 14:16,richie@qcinc.org
109,456c833e-955a-4ca1-99db-c22adacfb038,Riffle,106,1,0.3,0.24,0.2,,,,0.8,,,,,,,,,,,,60,40,,,8283f953-20ae-4fdd-9e33-feef42407684,5/22/2019 14:16,richie@qcinc.org,5/22/2019 14:16,richie@qcinc.org
110,61173840-e571-46c7-ae3e-8bc5386edc3d,Pool,107,1,0.61,0.26,0.3,,0.2,,0.7,,,,,,,,,,,,80,20,,,8283f953-20ae-4fdd-9e33-feef42407684,5/22/2019 14:16,richie@qcinc.org,5/22/2019 14:16,richie@qcinc.org
111,6ddf7b1c-56bc-4011-9e96-04b28a991553,Riffle,108,1,0.3,0.3,0.1,,,,0.9,,,,,,,,,,,,40,50,10,,8283f953-20ae-4fdd-9e33-feef42407684,5/22/2019 14:16,richie@qcinc.org,5/22/2019 14:16,richie@qcinc.org
112,7e5be073-f7aa-452d-975f-06b620a1482f,Pool,109,1,0.58,0.24,0.1,,,,0.9,,,,,,,,,,,,70,30,,,8283f953-20ae-4fdd-9e33-feef42407684,5/22/2019 14:16,richie@qcinc.org,5/22/2019 14:16,richie@qcinc.org
113,e359e5fa-d3be-46ed-b7e4-05f34d9f3281,Riffle,110,1,,0.2,0.1,,,,0.9,,,,,,,,,,,,30,60,10,,8283f953-20ae-4fdd-9e33-feef42407684,5/22/2019 14:16,richie@qcinc.org,5/22/2019 14:16,richie@qcinc.org
114,e6f91d5b-9f8b-4879-8eb7-6952ed063c1e,Pool,111,1,0.54,0.2,,,,,1,,,,,,,,,,,,70,20,10,,8283f953-20ae-4fdd-9e33-feef42407684,5/22/2019 14:16,richie@qcinc.org,5/22/2019 14:16,richie@qcinc.org
115,33ad8da4-1eb9-4def-989b-a00c806cf6ee,Riffle,112,1,0.36,0.2,0.3,,,,0.7,,,,,,,,,,,,30,50,20,,8283f953-20ae-4fdd-9e33-feef42407684,5/22/2019 14:16,richie@qcinc.org,5/22/2019 14:16,richie@qcinc.org
116,42a13681-17f6-4e5c-a689-9a339b7ca249,Pool,113,1,0.4,0.22,0.1,,,,0.9,,,,,,,,,,,,40,50,10,,8283f953-20ae-4fdd-9e33-feef42407684,5/22/2019 14:16,richie@qcinc.org,5/22/2019 14:16,richie@qcinc.org
117,50628a1b-416a-4367-8609-2c22331ec95a,Pool,114,1,0.42,0.17,0.2,,,,0.8,,,,,,,,,,,,70,30,,,8283f953-20ae-4fdd-9e33-feef42407684,5/22/2019 14:16,richie@qcinc.org,5/22/2019 14:16,richie@qcinc.org
118,e6ce9814-e8ee-4e46-bb5e-b8969509093a,Riffle,115,1,0.26,0.19,0.1,,,,0.9,,,,,,,,,,,,30,50,20,,8283f953-20ae-4fdd-9e33-feef42407684,5/22/2019 14:16,richie@qcinc.org,5/22/2019 14:16,richie@qcinc.org
119,a7bd59db-0cec-4d27-81a3-419ce1f71de0,Pool,116,1,0.43,0.25,0.1,,,,0.9,,,,,,,,,,,,40,60,,,8283f953-20ae-4fdd-9e33-feef42407684,5/22/2019 14:16,richie@qcinc.org,5/22/2019 14:16,richie@qcinc.org
120,882c9dd9-6fa1-4e81-aecf-1db094a9cec1,Riffle,117,1,0.38,0.2,,,,,1,,,,,,,,,,,,30,60,10,,8283f953-20ae-4fdd-9e33-feef42407684,5/22/2019 14:16,richie@qcinc.org,5/22/2019 14:16,richie@qcinc.org
121,09672d61-c680-4e7d-9b05-9b2ee42ea9ce,Pool,118,1,0.37,0.2,0.2,,,,0.8,,,,,,,,,,,,80,10,10,,8283f953-20ae-4fdd-9e33-feef42407684,5/22/2019 14:16,richie@qcinc.org,5/22/2019 14:16,richie@qcinc.org
122,d9d96a23-d917-435f-9acf-df95f29f5d07,Riffle,119,1,0.42,0.23,0.1,,,,0.9,,,,,,,,,,,,40,50,10,,8283f953-20ae-4fdd-9e33-feef42407684,5/22/2019 14:16,richie@qcinc.org,5/22/2019 14:16,richie@qcinc.org
123,a2876c49-5275-44ff-ac5e-9f221f33d87e,Pool,120,1,0.4,0.22,,,,,1,,,,,,,,,,,,80,20,,,8283f953-20ae-4fdd-9e33-feef42407684,5/22/2019 14:16,richie@qcinc.org,5/22/2019 14:16,richie@qcinc.org
124,40450a1c-6659-4cf8-a2d8-f23d36202dd2,Riffle,121,1,0.37,0.2,0.2,,,,0.8,,,,,,,,,,,,30,50,20,,8283f953-20ae-4fdd-9e33-feef42407684,5/22/2019 14:16,richie@qcinc.org,5/22/2019 14:16,richie@qcinc.org
125,80d1be73-7a1c-40f9-875b-5844a4c9018d,Run,122,1,0.34,0.21,0.1,,,,0.9,,,,,,,,,,,,60,30,10,,8283f953-20ae-4fdd-9e33-feef42407684,5/22/2019 14:16,richie@qcinc.org,5/22/2019 14:16,richie@qcinc.org
126,d90304f9-9431-4f19-8c42-825f89c75cdc,Riffle,123,1,0.34,0.2,0.1,,,,0.9,,,,,,,,,,,,30,50,20,,8283f953-20ae-4fdd-9e33-feef42407684,5/22/2019 14:16,richie@qcinc.org,5/22/2019 14:16,richie@qcinc.org
127,b2c23cdc-1560-4f57-b643-4e2f95a41769,Pool,124,1,0.5,0.25,0.1,,,,0.9,,,,,,,,,,,,80,20,,,8283f953-20ae-4fdd-9e33-feef42407684,5/22/2019 14:16,richie@qcinc.org,5/22/2019 14:16,richie@qcinc.org
128,d58f494a-8159-48d4-855d-4893f275e59b,Riffle,125,1,0.37,0.25,0.2,,,,0.8,,,,,,,,,,,,40,50,10,,8283f953-20ae-4fdd-9e33-feef42407684,5/22/2019 14:16,richie@qcinc.org,5/22/2019 14:16,richie@qcinc.org
129,485dd2c4-9c28-4bfc-bc59-a2dd6cce958c,Pool,126,1,0.5,0.2,0.1,,,,0.9,,,,,,,,,,,,80,10,10,,8283f953-20ae-4fdd-9e33-feef42407684,5/22/2019 14:16,richie@qcinc.org,5/22/2019 14:16,richie@qcinc.org
130,dba1f589-55b7-4994-bf17-438b34dba8d3,Riffle,127,1,,0.34,0.1,,,,0.9,,,,,,,,,,,,30,60,10,,8283f953-20ae-4fdd-9e33-feef42407684,5/22/2019 14:16,richie@qcinc.org,5/22/2019 14:16,richie@qcinc.org
131,00cca765-3f7b-4c0e-8db2-e01573a59a83,Pool,128,1,0.53,0.2,0.2,,,,0.8,,,,,,,,,,,,80,20,,,8283f953-20ae-4fdd-9e33-feef42407684,5/22/2019 14:16,richie@qcinc.org,5/22/2019 14:16,richie@qcinc.org
132,b5a7dbac-539f-4c88-b529-26cc9941eb59,Pool,129,1,0.67,0.19,0.3,,,,0.7,,,,,,,,,,,,90,10,,,8283f953-20ae-4fdd-9e33-feef42407684,5/22/2019 14:16,richie@qcinc.org,5/22/2019 14:16,richie@qcinc.org
133,0783754e-57cb-47ce-83d2-732fc25ebfea,Riffle,130,1,0.44,0.25,0.2,,,,0.8,,,,,,,,,,,,30,60,10,,8283f953-20ae-4fdd-9e33-feef42407684,5/22/2019 14:16,richie@qcinc.org,5/22/2019 14:16,richie@qcinc.org
134,ee73df5e-60fa-4782-885f-9427006e8fa7,Pool,131,1,0.4,0.22,0.1,,,,0.9,,,,,,,,,,,,80,20,,,8283f953-20ae-4fdd-9e33-feef42407684,5/22/2019 14:16,richie@qcinc.org,5/22/2019 14:16,richie@qcinc.org
135,b756e6a2-a6af-43f0-8607-5f82a50724ef,Riffle,132,1,0.31,0.31,0.2,,,,0.8,,,,,,,,,,,,40,60,,,8283f953-20ae-4fdd-9e33-feef42407684,5/22/2019 14:16,richie@qcinc.org,5/22/2019 14:16,richie@qcinc.org
136,83152a73-53cb-4305-8a56-0e7565ed508f,Pool,133,1,0.42,0.22,0.1,,,,0.9,,,,,,,,,,,,70,20,10,,8283f953-20ae-4fdd-9e33-feef42407684,5/22/2019 14:16,richie@qcinc.org,5/22/2019 14:16,richie@qcinc.org
137,0dd58107-17d7-41c8-b13e-156224c4fa5c,Pool,134,1,0.39,0.2,0.1,,,,0.9,,,,,,,,,,,,60,40,,,8283f953-20ae-4fdd-9e33-feef42407684,5/22/2019 14:16,richie@qcinc.org,5/22/2019 14:16,richie@qcinc.org
138,31226592-c224-4c69-8f02-73ab2e6c5d53,Riffle,135,1,0.17,0.17,0.1,,,,0.9,,,,,,,,,,,,50,40,10,,8283f953-20ae-4fdd-9e33-feef42407684,5/22/2019 14:16,richie@qcinc.org,5/22/2019 14:16,richie@qcinc.org
139,92922340-b8d2-4aa9-9d4b-ea0781da9179,Pool,136,1,0.5,0.24,0.2,,,,0.8,,,,,,,,,,,,80,20,,,8283f953-20ae-4fdd-9e33-feef42407684,5/22/2019 14:16,richie@qcinc.org,5/22/2019 14:16,richie@qcinc.org
140,dc46eacd-894a-4d11-ac2b-2aee7639c9f8,Riffle,137,1,0.27,0.2,0.2,,,,0.8,,,,,,,,,,,,30,60,10,,8283f953-20ae-4fdd-9e33-feef42407684,5/22/2019 14:16,richie@qcinc.org,5/22/2019 14:16,richie@qcinc.org
141,2aad748d-f181-4030-8a0f-cc7c3bbc17d0,Pool,138,1,0.53,0.22,0.3,,,,0.7,,,,,,,,,,,,80,20,,,8283f953-20ae-4fdd-9e33-feef42407684,5/22/2019 14:16,richie@qcinc.org,5/22/2019 14:16,richie@qcinc.org
142,ecd3ca1a-812f-40e1-afa5-267da7198219,Riffle,139,1,0.24,0.24,0.1,,,,0.9,,,,,,,,,,,,30,60,10,,8283f953-20ae-4fdd-9e33-feef42407684,5/22/2019 14:16,richie@qcinc.org,5/22/2019 14:16,richie@qcinc.org
143,81592535-21d0-46ce-8c64-20a83cf2b504,Pool,140,1,0.41,0.18,,,,,1,,,,,,,,,,,,80,20,,,8283f953-20ae-4fdd-9e33-feef42407684,5/22/2019 14:16,richie@qcinc.org,5/22/2019 14:16,richie@qcinc.org
144,68e8d880-6d7b-4b59-b61d-5ba4c3ac3a9b,Riffle,141,1,0.43,0.21,0.1,,,,0.9,,,,,,,,,,,,30,60,10,,8283f953-20ae-4fdd-9e33-feef42407684,5/22/2019 14:16,richie@qcinc.org,5/22/2019 14:16,richie@qcinc.org
145,130d9de5-e704-4c25-9235-22d5d7239425,Pool,142,1,0.53,0.29,,,,,1,,,,,,,,,,,,80,20,,,8283f953-20ae-4fdd-9e33-feef42407684,5/22/2019 14:16,richie@qcinc.org,5/22/2019 14:16,richie@qcinc.org
146,2dd8552a-194f-4a62-88ba-4f74461c2fa3,Pool,143,1,0.48,0.25,0.4,,,,0.6,,,,,,,,,,,,80,20,,,8283f953-20ae-4fdd-9e33-feef42407684,5/22/2019 14:16,richie@qcinc.org,5/22/2019 14:16,richie@qcinc.org
147,197ed6f4-d5a8-4a9a-a773-fb3dbb6e753f,Riffle,144,1,0.25,0.19,0.2,,,,0.8,,,,,,,,,,,,40,50,10,,8283f953-20ae-4fdd-9e33-feef42407684,5/22/2019 14:16,richie@qcinc.org,5/22/2019 14:16,richie@qcinc.org
148,b1290c37-8b59-4652-aa35-3edfa0b99605,Run,145,1,0.3,0.3,,,,,1,,,,,,,,,,,,90,10,,,8283f953-20ae-4fdd-9e33-feef42407684,5/22/2019 14:16,richie@qcinc.org,5/22/2019 14:16,richie@qcinc.org
149,3ca4924a-ff23-4778-a3fa-f2042560982e,Riffle,146,1,,0.18,,,,,1,,,,,,,,,,,,60,40,,,8283f953-20ae-4fdd-9e33-feef42407684,5/22/2019 14:16,richie@qcinc.org,5/22/2019 14:16,richie@qcinc.org
150,da89b1ee-6933-4668-848e-0df0df9cc14c,Pool,147,1,0.45,0.31,0.2,,,,0.8,,,,,,,,,,,,80,20,,,8283f953-20ae-4fdd-9e33-feef42407684,5/22/2019 14:16,richie@qcinc.org,5/22/2019 14:16,richie@qcinc.org
151,bb5c52df-be5b-40e9-8a55-3da8d9444c08,Riffle,148,1,,0.21,0.1,,,,0.9,,,,,,,,,,,,40,50,10,,8283f953-20ae-4fdd-9e33-feef42407684,5/22/2019 14:16,richie@qcinc.org,5/22/2019 14:16,richie@qcinc.org
152,34224427-996c-4194-86a8-543f62117b20,Pool,149,1,0.4,0.13,0.3,,,,0.7,,,,,,,,,,,,80,20,,,8283f953-20ae-4fdd-9e33-feef42407684,5/22/2019 14:16,richie@qcinc.org,5/22/2019 14:16,richie@qcinc.org
153,4368c21d-1bdc-415c-b454-37ecdbf48410,Riffle,150,1,0.33,0.21,0.1,,,,0.9,,,,,,,,,,,,30,60,10,,8283f953-20ae-4fdd-9e33-feef42407684,5/22/2019 14:16,richie@qcinc.org,5/22/2019 14:16,richie@qcinc.org
154,b9b93bdf-279e-481e-aae9-26652e94717f,Pool,151,1,0.43,0.29,0.1,,,,0.9,,,,,,,,,,,,90,10,,,8283f953-20ae-4fdd-9e33-feef42407684,5/22/2019 14:16,richie@qcinc.org,5/22/2019 14:16,richie@qcinc.org
155,007bf138-5bd8-467f-b6c7-0df6d3c8c523,Riffle,152,1,,0.18,,,,,1,,,,,,,,,,,,30,70,,,8283f953-20ae-4fdd-9e33-feef42407684,5/22/2019 14:16,richie@qcinc.org,5/22/2019 14:16,richie@qcinc.org
156,bfc320c1-7dea-4dd4-aeba-1b0d41d40865,Pool,153,1,0.43,0.23,0.1,,,,0.9,,,,,,,,,,,,60,40,,,8283f953-20ae-4fdd-9e33-feef42407684,5/22/2019 14:16,richie@qcinc.org,5/22/2019 14:16,richie@qcinc.org
157,0a0bb6c4-91d3-4ce4-9c93-b88f28b7fd90,Riffle,154,1,0.35,0.24,0.1,,,,0.9,,,,,,,,,,,,40,60,,,8283f953-20ae-4fdd-9e33-feef42407684,5/22/2019 14:16,richie@qcinc.org,5/22/2019 14:16,richie@qcinc.org
158,b86b316b-2ce8-417f-9835-23a748fd842f,Pool,155,4,0.42,0.13,0.1,,0.3,,0.7,,,,,,,,,,,,80,10,10,,8283f953-20ae-4fdd-9e33-feef42407684,5/22/2019 14:16,richie@qcinc.org,5/22/2019 14:16,richie@qcinc.org
159,fd82f4e1-8adf-4b34-abf2-5ae4beb35fdf,Pool,156,1,,0.2,0.3,,,,0.7,,,,,,,,,,,,70,30,,,8283f953-20ae-4fdd-9e33-feef42407684,5/22/2019 14:16,richie@qcinc.org,5/22/2019 14:16,richie@qcinc.org
160,ef332ad4-f27d-458f-88de-22c3c819ee2e,Riffle,157,1,0.4,0.22,0.3,,,,0.7,,,,,,,,,,,,30,60,10,,8283f953-20ae-4fdd-9e33-feef42407684,5/22/2019 14:16,richie@qcinc.org,5/22/2019 14:16,richie@qcinc.org
161,2d91f3df-982c-45d9-a680-46319713c623,Pool,158,1,0.48,0.18,,,,,1,,,,,,,,,,,,70,30,,,8283f953-20ae-4fdd-9e33-feef42407684,5/22/2019 14:16,richie@qcinc.org,5/22/2019 14:16,richie@qcinc.org
162,8119fee8-6a20-4b2f-b065-47e2150ae981,Pool,159,1,0.5,0.23,0.3,,,,0.7,,,,,,,,,,,,80,20,,,8283f953-20ae-4fdd-9e33-feef42407684,5/22/2019 14:16,richie@qcinc.org,5/22/2019 14:16,richie@qcinc.org
163,effa1d43-e152-4ff0-9563-3a7b5259f962,Pool,160,1,0.42,0.23,0.1,,,,0.9,,,,,,,,,,,,70,30,,,8283f953-20ae-4fdd-9e33-feef42407684,5/22/2019 14:16,richie@qcinc.org,5/22/2019 14:16,richie@qcinc.org
164,eaf2c69e-25fc-465e-919e-fb8de74d93e2,Riffle,161,1,0.25,0.22,0.1,,,,0.9,,,,,,,,,,,,40,60,,,8283f953-20ae-4fdd-9e33-feef42407684,5/22/2019 14:16,richie@qcinc.org,5/22/2019 14:16,richie@qcinc.org
165,cb43529d-e01d-4269-accc-5a3163c5c330,Pool,162,1,0.4,0.19,0.3,,,,0.7,,,,,,,,,,,,50,50,,,8283f953-20ae-4fdd-9e33-feef42407684,5/22/2019 14:16,richie@qcinc.org,5/22/2019 14:16,richie@qcinc.org
166,e51568fb-306d-41bc-bef2-2e872b4f6797,Riffle,163,1,,0.15,0.1,,,,0.9,,,,,,,,,,,,40,60,,,8283f953-20ae-4fdd-9e33-feef42407684,5/22/2019 14:16,richie@qcinc.org,5/22/2019 14:16,richie@qcinc.org
167,c2e90d24-1e4b-4a7f-9d74-2f6d4d0b4947,Pool,164,1,0.41,0.2,0.2,,,,0.8,,,,,,,,,,,,60,30,10,,8283f953-20ae-4fdd-9e33-feef42407684,5/22/2019 14:16,richie@qcinc.org,5/22/2019 14:16,richie@qcinc.org
168,bcd338a6-9585-4669-8094-f3160b73e534,Riffle,165,1,0.29,0.24,0.2,,0.1,,0.7,,,,,,,,,,,,30,60,10,,8283f953-20ae-4fdd-9e33-feef42407684,5/22/2019 14:16,richie@qcinc.org,5/22/2019 14:16,richie@qcinc.org
169,f88ce254-9c5f-4e39-9de1-7f695fd017f1,Pool,166,1,0.48,0.2,0.4,,,,0.6,,,,,,,,,,,,80,20,,,8283f953-20ae-4fdd-9e33-feef42407684,5/22/2019 14:16,richie@qcinc.org,5/22/2019 14:16,richie@qcinc.org
170,2f68a45d-395c-4209-99f2-777ff046d3f5,Riffle,167,1,,0.18,0.1,,,,0.9,,,,,,,,,,,,30,60,10,,8283f953-20ae-4fdd-9e33-feef42407684,5/22/2019 14:16,richie@qcinc.org,5/22/2019 14:16,richie@qcinc.org
171,099db574-c87e-40d2-9ee8-671d46317b84,Pool,168,1,0.34,0.23,0.2,,,,0.8,,,,,,,,,,,,60,20,20,,8283f953-20ae-4fdd-9e33-feef42407684,5/22/2019 14:16,richie@qcinc.org,5/22/2019 14:16,richie@qcinc.org
172,a9a20f16-168b-4c3b-a596-5aee07bad7cd,Riffle,169,1,0.3,0.23,,,,,1,,,,,,,,,,,,30,70,,,8283f953-20ae-4fdd-9e33-feef42407684,5/22/2019 14:16,richie@qcinc.org,5/22/2019 14:16,richie@qcinc.org
173,6c13cf4c-526c-4fa8-9237-ab718ee70378,SSC,170,5,0.13,0.11,0.3,,0.1,,0.7,,,,,,,,,,,,90,10,,,8283f953-20ae-4fdd-9e33-feef42407684,5/22/2019 14:16,richie@qcinc.org,5/22/2019 14:16,richie@qcinc.org
174,d047ec6a-0d03-47be-8a04-e52709aaaef8,Pool,171,1,0.41,0.23,0.4,0.1,,,0.6,,,,,,,,,,,,80,10,10,,8283f953-20ae-4fdd-9e33-feef42407684,5/22/2019 14:16,richie@qcinc.org,5/22/2019 14:16,richie@qcinc.org
175,52402810-f2ac-41ff-9f99-1c21b78860a3,Pool,172,1,0.4,0.29,0.3,,0.1,,0.6,,,,,,,,,,,,60,30,10,,8283f953-20ae-4fdd-9e33-feef42407684,5/22/2019 14:16,richie@qcinc.org,5/22/2019 14:16,richie@qcinc.org
176,c20d0fbc-b874-472c-bddf-62c39bf3a40c,Riffle,173,1,0.26,0.21,0.1,,,,0.9,,,,,,,,,,,,40,60,,,8283f953-20ae-4fdd-9e33-feef42407684,5/22/2019 14:16,richie@qcinc.org,5/22/2019 14:16,richie@qcinc.org
177,9456fb73-cb24-44f6-a422-1727efea6e62,Pool,174,1,0.42,0.23,,,,,1,,,,,,,,,,,,80,20,,,8283f953-20ae-4fdd-9e33-feef42407684,5/22/2019 14:16,richie@qcinc.org,5/22/2019 14:16,richie@qcinc.org
178,f91f195f-4edf-43e5-a6c5-45864f636490,Riffle,175,1,0.43,0.21,0.1,0.1,,,0.9,,,,,,,,,,,,30,60,10,,8283f953-20ae-4fdd-9e33-feef42407684,5/22/2019 14:16,richie@qcinc.org,5/22/2019 14:16,richie@qcinc.org
179,d016bca8-6934-4403-85e2-347f2e7cbf78,Riffle,176,6,,0.19,0.2,,,,0.8,,,,,,,,,,,,80,20,,,8283f953-20ae-4fdd-9e33-feef42407684,5/22/2019 14:16,richie@qcinc.org,5/22/2019 14:16,richie@qcinc.org
180,14c746d2-53e0-4d0d-bd68-2e2e9c16fffc,Pool,177,1,0.41,0.2,0.1,,0.1,,0.9,,,,,,,,,,,,80,20,,,8283f953-20ae-4fdd-9e33-feef42407684,5/22/2019 14:16,richie@qcinc.org,5/22/2019 14:16,richie@qcinc.org
181,cfd49f33-dcdb-48eb-ace8-a2dd59dd7982,Riffle,178,1,0.3,0.3,,,0.1,,0.9,,,,,,,,,,,,60,40,,,8283f953-20ae-4fdd-9e33-feef42407684,5/22/2019 14:16,richie@qcinc.org,5/22/2019 14:16,richie@qcinc.org
182,b4449aab-05b3-4e0b-890d-772eec53ec7c,OCA,179,1,0.13,0.13,,,,,1,,,,,,,,,,,,100,,,,8283f953-20ae-4fdd-9e33-feef42407684,5/22/2019 14:16,richie@qcinc.org,5/22/2019 14:16,richie@qcinc.org
183,3f9ab79e-faf8-4bea-aae8-910baba03ccf,Pool,180,1,0.45,0.21,,,,,1,,,,,,,,,,,,70,30,,,8283f953-20ae-4fdd-9e33-feef42407684,5/22/2019 14:16,richie@qcinc.org,5/22/2019 14:16,richie@qcinc.org
184,47789458-c3b4-44a8-8940-8ad1c4be2c48,Riffle,181,1,0.23,0.15,,,,,1,,,,,,,,,,,,40,50,10,,8283f953-20ae-4fdd-9e33-feef42407684,5/22/2019 14:16,richie@qcinc.org,5/22/2019 14:16,richie@qcinc.org
185,46249e12-cf95-4c79-9f46-b208898e7373,Pool,182,1,0.38,0.17,0.1,,0.1,,0.8,,,,,,,,,,,,70,20,10,,8283f953-20ae-4fdd-9e33-feef42407684,5/22/2019 14:16,richie@qcinc.org,5/22/2019 14:16,richie@qcinc.org
186,abe28a6a-69e8-4bc6-b22a-02ee65f54981,Riffle,183,1,0.2,0.2,,,0.1,,0.9,,,,,,,,,,,,30,70,,,8283f953-20ae-4fdd-9e33-feef42407684,5/22/2019 14:16,richie@qcinc.org,5/22/2019 14:16,richie@qcinc.org
187,93f5a88c-98a3-4778-8a32-faf10cf03df7,Pool,184,7,0.41,0.2,,,,,1,,,,,,,,,,,,80,20,,,8283f953-20ae-4fdd-9e33-feef42407684,5/22/2019 14:16,richie@qcinc.org,5/22/2019 14:16,richie@qcinc.org
188,56ee85be-c35d-4b0f-957e-6310a191e2e9,Riffle,185,7,0.2,0.15,,,,,1,,,,,,,,,,,,50,50,,,8283f953-20ae-4fdd-9e33-feef42407684,5/22/2019 14:16,richie@qcinc.org,5/22/2019 14:16,richie@qcinc.org
189,9f777c72-17b0-4421-bbb5-dd186336bfb2,Pool,186,1,,0.21,0.3,,,,0.7,,,,,,,,,,,,60,30,10,,8283f953-20ae-4fdd-9e33-feef42407684,5/22/2019 14:16,richie@qcinc.org,5/22/2019 14:16,richie@qcinc.org
190,3d5fa074-cd25-4bcf-9559-be848d9ae2b5,Riffle,187,1,0.45,0.17,,,0.1,,0.9,,,,,,,,,,,,50,50,,,8283f953-20ae-4fdd-9e33-feef42407684,5/22/2019 14:16,richie@qcinc.org,5/22/2019 14:16,richie@qcinc.org
191,d9cbe759-689c-4911-a569-f5f30fd7b394,Pool,188,1,0.48,0.25,0.1,,,,0.9,,,,,,,,,,,,70,20,10,,8283f953-20ae-4fdd-9e33-feef42407684,5/22/2019 14:16,richie@qcinc.org,5/22/2019 14:16,richie@qcinc.org
192,016821a3-bea5-4330-9bee-94bb869d7445,Riffle,189,1,0.29,0.24,0.1,,0.2,,0.7,,,,,,,,,,,,30,60,10,,8283f953-20ae-4fdd-9e33-feef42407684,5/22/2019 14:16,richie@qcinc.org,5/22/2019 14:16,richie@qcinc.org
193,baa5cd68-a0fe-4fe5-a040-8c8b279fdf26,Pool,190,1,0.55,0.27,0.1,,0.1,,0.8,,,,,,,,,,,,70,20,10,,8283f953-20ae-4fdd-9e33-feef42407684,5/22/2019 14:16,richie@qcinc.org,5/22/2019 14:16,richie@qcinc.org
194,585a864b-513d-46ad-8fff-8af8c570e54d,Riffle,191,1,0.2,0.2,0.1,,0.1,,0.8,,,,,,,,,,,,30,60,10,,8283f953-20ae-4fdd-9e33-feef42407684,5/22/2019 14:16,richie@qcinc.org,5/22/2019 14:16,richie@qcinc.org
195,0f75482f-8d14-42f5-bd04-dbe51625798a,Pool,192,1,0.43,0.19,0.4,,,,0.6,,,,,,,,,,,,60,30,10,,8283f953-20ae-4fdd-9e33-feef42407684,5/22/2019 14:16,richie@qcinc.org,5/22/2019 14:16,richie@qcinc.org
196,7b4f4fca-1594-4ff2-a7c9-35e3562b3cca,Riffle,193,1,0.22,0.22,0.2,,,,0.7,,,,,,,,,,,,30,60,10,,8283f953-20ae-4fdd-9e33-feef42407684,5/22/2019 14:16,richie@qcinc.org,5/22/2019 14:16,richie@qcinc.org
197,539379e3-d6fc-46b9-926d-5a249896d73c,Pool,194,1,0.44,0.27,0.1,,0.1,,0.8,,,,,,,,,,,,70,20,10,,8283f953-20ae-4fdd-9e33-feef42407684,5/22/2019 14:16,richie@qcinc.org,5/22/2019 14:16,richie@qcinc.org
198,5dc588ee-97ce-445b-9b7c-77c1d9a7d11a,Pool,195,1,0.53,0.25,,,0.2,,0.8,,,,,,,,,,,,90,10,,,8283f953-20ae-4fdd-9e33-feef42407684,5/22/2019 14:16,richie@qcinc.org,5/22/2019 14:16,richie@qcinc.org
199,dba9d7ac-4935-4e46-a4b9-a6afede2062b,Riffle,196,1,,0.21,,,0.3,,0.7,,,,,,,,,,,,30,60,10,,8283f953-20ae-4fdd-9e33-feef42407684,5/22/2019 14:16,richie@qcinc.org,5/22/2019 14:16,richie@qcinc.org
200,ada06e9f-f190-4e8b-bbaa-524354f28e10,Pool,197,1,0.55,0.22,,,0.3,,0.7,,,,,,,,,,,,80,20,,,8283f953-20ae-4fdd-9e33-feef42407684,5/22/2019 14:16,richie@qcinc.org,5/22/2019 14:16,richie@qcinc.org
201,fcd68b88-2a85-4049-aa04-1a44379acb8c,Riffle,198,1,0.33,0.25,,,0.2,,0.8,,,,,,,,,,,,30,60,10,,8283f953-20ae-4fdd-9e33-feef42407684,5/22/2019 14:16,richie@qcinc.org,5/22/2019 14:16,richie@qcinc.org
202,8c7187b0-5aac-4003-9ead-5ebff5ab846b,Pool,199,1,0.62,0.21,,,0.3,,0.7,,,,,,,,,,,,60,30,10,,8283f953-20ae-4fdd-9e33-feef42407684,5/22/2019 14:16,richie@qcinc.org,5/22/2019 14:16,richie@qcinc.org
203,53954496-0508-43b5-934f-7700a0b2fcea,Riffle,200,1,0.41,0.27,,,0.2,,0.8,,,,,,,,,,,,40,50,10,,8283f953-20ae-4fdd-9e33-feef42407684,5/22/2019 14:16,richie@qcinc.org,5/22/2019 14:16,richie@qcinc.org
204,a7bf614a-a465-4a3b-a951-b51d03d0d8bd,Pool,201,1,0.43,0.21,,,0.1,,0.9,,,,,,,,,,,,70,20,10,,8283f953-20ae-4fdd-9e33-feef42407684,5/22/2019 14:16,richie@qcinc.org,5/22/2019 14:16,richie@qcinc.org
205,dbe8ef38-83fa-4e5e-9b0d-0f1bb810013e,Riffle,202,1,0.23,0.2,,,0.1,,0.9,,,,,,,,,,,,30,40,30,,8283f953-20ae-4fdd-9e33-feef42407684,5/22/2019 14:16,richie@qcinc.org,5/22/2019 14:16,richie@qcinc.org
206,485b516a-d8de-4576-b543-2557df140980,Pool,203,1,0.62,0.22,0.1,,0.1,,0.8,,,,,,,,,,,,80,20,,,8283f953-20ae-4fdd-9e33-feef42407684,5/22/2019 14:16,richie@qcinc.org,5/22/2019 14:16,richie@qcinc.org
207,bce1f14c-9445-4580-b855-a82a3e78c288,Riffle,204,1,,0.2,,,,,1,,,,,,,,,,,,40,40,20,,8283f953-20ae-4fdd-9e33-feef42407684,5/22/2019 14:16,richie@qcinc.org,5/22/2019 14:16,richie@qcinc.org
208,783d3c09-c606-4c47-9918-c6fd22e707e1,Pool,205,1,0.7,0.2,,,0.1,,0.9,,,,,,,,,,,,80,20,,,8283f953-20ae-4fdd-9e33-feef42407684,5/22/2019 14:16,richie@qcinc.org,5/22/2019 14:16,richie@qcinc.org
209,734f5b4d-41c9-48b3-9b50-bfe9c067acd1,Riffle,206,1,,0.21,,,,,1,,,,,,,,,,,,30,50,20,,8283f953-20ae-4fdd-9e33-feef42407684,5/22/2019 14:16,richie@qcinc.org,5/22/2019 14:16,richie@qcinc.org
210,65577bfd-cad1-4550-a61b-6e1a434922ae,OCA,207,1,0.7,0.2,,,0.3,,0.7,,,,,,,,,,,,100,,,,8283f953-20ae-4fdd-9e33-feef42407684,5/22/2019 14:16,richie@qcinc.org,5/22/2019 14:16,richie@qcinc.org
211,88cb4cd5-a9be-494a-bdce-b55e3510b2d1,Pool,208,1,0.53,0.17,,,0.2,,0.8,,,,,,,,,,,,60,30,10,,8283f953-20ae-4fdd-9e33-feef42407684,5/22/2019 14:16,richie@qcinc.org,5/22/2019 14:16,richie@qcinc.org
212,6780c802-7d76-4712-81f8-53748371dda7,Riffle,209,1,0.29,0.29,,,0.1,,0.9,,,,,,,,,,,,30,60,10,,8283f953-20ae-4fdd-9e33-feef42407684,5/22/2019 14:16,richie@qcinc.org,5/22/2019 14:16,richie@qcinc.org
213,baaf8454-6f58-43b2-92cc-e16ea03d89b0,Pool,210,1,0.8,0.24,,,0.1,,0.9,,,,,,,,,,,,90,10,,,8283f953-20ae-4fdd-9e33-feef42407684,5/22/2019 14:16,richie@qcinc.org,5/22/2019 14:16,richie@qcinc.org
214,57aa1bb1-c2dd-4475-a67c-368b66a0338d,Riffle,211,1,0.2,0.27,,,0.1,,0.9,,,,,,,,,,,,30,50,20,,8283f953-20ae-4fdd-9e33-feef42407684,5/22/2019 14:16,richie@qcinc.org,5/22/2019 14:16,richie@qcinc.org
215,f631b025-7fc6-4177-8a69-e3d914f69ef8,OCA,212,1,0.1,0.1,,,,,1,,,,,,,,,,,,100,,,,8283f953-20ae-4fdd-9e33-feef42407684,5/22/2019 14:16,richie@qcinc.org,5/22/2019 14:16,richie@qcinc.org
216,ed50f4f7-b905-4088-8389-7369aa99f402,Pool,213,1,0.61,0.23,,,0.2,,0.7,,,,,,,,,,,,80,20,,,8283f953-20ae-4fdd-9e33-feef42407684,5/22/2019 14:16,richie@qcinc.org,5/22/2019 14:16,richie@qcinc.org
217,73d2ef44-2220-4e1e-bd15-194dbf8dd377,Riffle,214,1,0.27,0.21,,,0.1,,0.9,,,,,,,,,,,,30,50,20,,8283f953-20ae-4fdd-9e33-feef42407684,5/22/2019 14:16,richie@qcinc.org,5/22/2019 14:16,richie@qcinc.org
218,29709357-7f73-4e4a-88c8-e9af0d4ec996,Pool,215,1,0.5,0.21,0.1,,,,0.9,,,,,,,,,,,,80,10,10,,8283f953-20ae-4fdd-9e33-feef42407684,5/22/2019 14:16,richie@qcinc.org,5/22/2019 14:16,richie@qcinc.org
219,9a3bda09-0c76-4698-96b5-5b378ed02eda,Riffle,216,1,,0.17,0.2,,0.1,,0.7,,,,,,,,,,,,30,40,30,,8283f953-20ae-4fdd-9e33-feef42407684,5/22/2019 14:16,richie@qcinc.org,5/22/2019 14:16,richie@qcinc.org
220,ae3176f6-3719-49ab-9059-2d8573a63024,Pool,217,1,0.62,0.2,0.1,,0.2,,0.7,,,,,,,,,,,,80,20,,,8283f953-20ae-4fdd-9e33-feef42407684,5/22/2019 14:16,richie@qcinc.org,5/22/2019 14:16,richie@qcinc.org
221,9c267762-8ccf-4b1d-b995-b3fd54252431,Run,218,1,0.41,0.19,,,0.1,,0.9,,,,,,,,,,,,70,20,10,,8283f953-20ae-4fdd-9e33-feef42407684,5/22/2019 14:16,richie@qcinc.org,5/22/2019 14:16,richie@qcinc.org
222,cc71baaa-7fcb-4dd9-a7c8-430bbd6c7dbb,Run,219,8,0.3,0.3,,,,,1,,,,,,,,,,,,90,,10,,8283f953-20ae-4fdd-9e33-feef42407684,5/22/2019 14:16,richie@qcinc.org,5/22/2019 14:16,richie@qcinc.org
223,c328faff-0418-42ce-8a44-0fe99decba73,Pool,220,8,0.43,0.27,,,,,1,,,,,,,,,,,,80,10,10,,8283f953-20ae-4fdd-9e33-feef42407684,5/22/2019 14:16,richie@qcinc.org,5/22/2019 14:16,richie@qcinc.org
224,6911ef7a-e747-4333-a754-9d51287a2ce7,Pool,221,1,0.54,0.3,0.1,,0.2,,0.7,,,,,,,,,,,,70,30,,,8283f953-20ae-4fdd-9e33-feef42407684,5/22/2019 14:16,richie@qcinc.org,5/22/2019 14:16,richie@qcinc.org
225,24b18169-518b-4279-8442-60a99cfd783a,Riffle,222,1,0.21,0.19,,,,,1,,,,,,,,,,,,40,50,10,,8283f953-20ae-4fdd-9e33-feef42407684,5/22/2019 14:16,richie@qcinc.org,5/22/2019 14:16,richie@qcinc.org
226,ae5b41e3-a1ac-455d-ac35-7f8ed713de06,Pool,223,1,0.41,0.2,,,,,1,,,,,,,,,,,,80,10,10,,8283f953-20ae-4fdd-9e33-feef42407684,5/22/2019 14:16,richie@qcinc.org,5/22/2019 14:16,richie@qcinc.org
227,6a510b7f-91a3-4482-9802-c813160558a0,Riffle,224,1,0.2,0.2,,,,,1,,,,,,,,,,,,30,50,20,,8283f953-20ae-4fdd-9e33-feef42407684,5/22/2019 14:16,richie@qcinc.org,5/22/2019 14:16,richie@qcinc.org
228,db37fe06-a3c5-4ea8-9130-f3d1697271b7,Pool,225,1,0.49,0.19,0.1,,0.3,,0.7,,,,,,,,,,,,70,30,,,8283f953-20ae-4fdd-9e33-feef42407684,5/22/2019 14:16,richie@qcinc.org,5/22/2019 14:16,richie@qcinc.org
229,5738c9eb-259d-49a2-a281-0355452d158e,Riffle,226,1,0.25,0.19,,,,,1,,,,,,,,,,,,30,60,10,,8283f953-20ae-4fdd-9e33-feef42407684,5/22/2019 14:16,richie@qcinc.org,5/22/2019 14:16,richie@qcinc.org
230,2e8eab77-99e1-4081-8634-5a00468fd413,Pool,227,1,0.47,0.25,0.1,,,,0.9,,,,,,,,,,,,60,40,,,8283f953-20ae-4fdd-9e33-feef42407684,5/22/2019 14:16,richie@qcinc.org,5/22/2019 14:16,richie@qcinc.org
231,f982c0c0-1a14-4bb3-bd0d-3a15699bafb3,Run,228,1,0.59,0.2,,,,,1,,,,,,,,,,,,90,10,,,8283f953-20ae-4fdd-9e33-feef42407684,5/22/2019 14:16,richie@qcinc.org,5/22/2019 14:16,richie@qcinc.org
232,b1978ba0-d211-4f52-aef7-262748585ecc,Pool,229,1,0.43,0.23,0.2,,,,0.8,,,,,,,,,,,,80,20,,,8283f953-20ae-4fdd-9e33-feef42407684,5/22/2019 14:16,richie@qcinc.org,5/22/2019 14:16,richie@qcinc.org
233,5960a4ad-c898-45ab-a2b0-503f8719b1de,Riffle,230,1,0.33,0.2,0.1,,,,0.9,,,,,,,,,,,,60,30,10,,8283f953-20ae-4fdd-9e33-feef42407684,5/22/2019 14:16,richie@qcinc.org,5/22/2019 14:16,richie@qcinc.org
234,5a8780b0-5f91-4188-9efb-30b6db10a0c6,Pool,231,1,0.45,0.2,0.1,,,,0.9,,,,,,,,,,,,80,20,,,8283f953-20ae-4fdd-9e33-feef42407684,5/22/2019 14:16,richie@qcinc.org,5/22/2019 14:16,richie@qcinc.org
235,ffc38353-c65a-4e85-88ec-e7c072637878,Riffle,232,1,0.37,0.2,0.1,,,,0.9,,,,,,,,,,,,40,60,,,8283f953-20ae-4fdd-9e33-feef42407684,5/22/2019 14:16,richie@qcinc.org,5/22/2019 14:16,richie@qcinc.org
236,fb130487-0d0b-4f4e-8b60-cf27016c7a2e,Run,233,1,0.27,0.25,0.1,,,,0.9,,,,,,,,,,,,80,20,,,8283f953-20ae-4fdd-9e33-feef42407684,5/22/2019 14:16,richie@qcinc.org,5/22/2019 14:16,richie@qcinc.org
237,da6b798f-de60-4bac-83b8-0700d22692d0,Pool,234,1,0.61,0.23,,,0.1,,0.9,,,,,,,,,,,,80,20,,,8283f953-20ae-4fdd-9e33-feef42407684,5/22/2019 14:16,richie@qcinc.org,5/22/2019 14:16,richie@qcinc.org
238,1f9b4faf-7d79-4213-8f6d-0787a01ae5d3,Riffle,235,1,0.23,0.23,0.4,,,,0.6,,,,,,,,,,,,60,40,,,8283f953-20ae-4fdd-9e33-feef42407684,5/22/2019 14:16,richie@qcinc.org,5/22/2019 14:16,richie@qcinc.org
239,67805abb-ffc3-44bd-b214-89543504a866,Pool,236,1,0.47,0.25,0.3,,,,0.7,,,,,,,,,,,,80,20,,,8283f953-20ae-4fdd-9e33-feef42407684,5/22/2019 14:16,richie@qcinc.org,5/22/2019 14:16,richie@qcinc.org
240,0446f060-425a-4976-8f19-f9022cdcb0ac,Riffle,237,1,0.21,0.15,,,,,1,,,,,,,,,,,,20,40,40,,8283f953-20ae-4fdd-9e33-feef42407684,5/22/2019 14:16,richie@qcinc.org,5/22/2019 14:16,richie@qcinc.org
241,bfcb411a-c617-494a-8e42-9d4d355aa911,Pool,238,1,0.4,0.21,,,,,1,,,,,,,,,,,,80,10,10,,8283f953-20ae-4fdd-9e33-feef42407684,5/22/2019 14:16,richie@qcinc.org,5/22/2019 14:16,richie@qcinc.org
242,5b9e3307-0f48-4d2f-8bf2-1f2488a4958f,Riffle,239,1,0.2,0.18,,,,,1,,,,,,,,,,,,40,60,,,8283f953-20ae-4fdd-9e33-feef42407684,5/22/2019 14:16,richie@qcinc.org,5/22/2019 14:16,richie@qcinc.org
243,74ca447b-c18b-4b83-8a83-d5bd0c237618,Pool,240,1,0.41,0.21,,,,,1,,,,,,,,,,,,90,10,,,8283f953-20ae-4fdd-9e33-feef42407684,5/22/2019 14:16,richie@qcinc.org,5/22/2019 14:16,richie@qcinc.org
244,d76a8c4b-93a4-46bd-9e47-dd1a37b86ea1,Riffle,241,1,0.2,0.19,,,,,1,,,,,,,,,,,,30,60,10,,8283f953-20ae-4fdd-9e33-feef42407684,5/22/2019 14:16,richie@qcinc.org,5/22/2019 14:16,richie@qcinc.org
245,0279d185-5bd6-43b4-ab2e-25f4ca0e6fb2,Pool,242,1,0.45,0.21,,,,,1,,,,,,,,,,,,80,20,,,8283f953-20ae-4fdd-9e33-feef42407684,5/22/2019 14:16,richie@qcinc.org,5/22/2019 14:16,richie@qcinc.org
246,db11ea6b-11a4-433a-bff4-cebed5bd6f10,Riffle,243,1,0.23,0.23,,,,,1,,,,,,,,,,,,30,50,20,,8283f953-20ae-4fdd-9e33-feef42407684,5/22/2019 14:16,richie@qcinc.org,5/22/2019 14:16,richie@qcinc.org
247,c3880414-1a1d-4932-9a6b-f3b686450fea,Pool,244,1,0.47,0.22,,,,,1,,,,,,,,,,,,90,10,,,8283f953-20ae-4fdd-9e33-feef42407684,5/22/2019 14:16,richie@qcinc.org,5/22/2019 14:16,richie@qcinc.org
248,1067b5f8-a91a-4725-858d-3a8752136dc3,Riffle,245,1,0.16,0.16,,0.1,,,0.9,,,,,,,,,,,,30,70,,,8283f953-20ae-4fdd-9e33-feef42407684,5/22/2019 14:16,richie@qcinc.org,5/22/2019 14:16,richie@qcinc.org
249,dc6ea165-15c4-467a-92cf-a2c2880a8064,Pool,246,1,0.56,0.15,0.1,0.1,,,0.9,,,,,,,,,,,,90,10,,,8283f953-20ae-4fdd-9e33-feef42407684,5/22/2019 14:16,richie@qcinc.org,5/22/2019 14:16,richie@qcinc.org
250,c1d5a815-088b-447d-b9b1-7093d1a43b0a,Riffle,247,1,0.26,0.2,,,,,1,,,,,,,,,,,,30,60,10,,8283f953-20ae-4fdd-9e33-feef42407684,5/22/2019 14:16,richie@qcinc.org,5/22/2019 14:16,richie@qcinc.org
251,b85276f2-cf68-4b00-acf9-fdb556a38712,Pool,248,1,0.4,0.2,,,,,1,,,,,,,,,,,,90,10,,,8283f953-20ae-4fdd-9e33-feef42407684,5/22/2019 14:16,richie@qcinc.org,5/22/2019 14:16,richie@qcinc.org
252,f56d1035-c573-4135-8856-bf11e50b3f25,Riffle,249,1,0.29,0.29,,,,,1,,,,,,,,,,,,30,40,30,,8283f953-20ae-4fdd-9e33-feef42407684,5/22/2019 14:16,richie@qcinc.org,5/22/2019 14:16,richie@qcinc.org
253,85a4d829-5f15-4e80-9dc1-9278a8c861f1,Pool,250,1,0.53,0.19,,,,,1,,,,,,,,,,,,90,10,,,8283f953-20ae-4fdd-9e33-feef42407684,5/22/2019 14:16,richie@qcinc.org,5/22/2019 14:16,richie@qcinc.org
254,19b6f25f-83a1-4b43-ba54-98f6873a2e91,Run,251,1,0.34,0.21,,,,,1,,,,,,,,,,,,90,10,,,8283f953-20ae-4fdd-9e33-feef42407684,5/22/2019 14:16,richie@qcinc.org,5/22/2019 14:16,richie@qcinc.org
255,ef793c59-ed2f-4717-9eeb-68fdde20bf31,Pool,252,1,0.53,0.23,,,,,1,,,,,,,,,,,,90,10,,,8283f953-20ae-4fdd-9e33-feef42407684,5/22/2019 14:16,richie@qcinc.org,5/22/2019 14:16,richie@qcinc.org
256,5a026483-2d0e-45b7-8a96-627b656c4eb8,Pool,253,1,0.45,0.24,,,,,1,,,,,,,,,,,,90,10,,,8283f953-20ae-4fdd-9e33-feef42407684,5/22/2019 14:16,richie@qcinc.org,5/22/2019 14:16,richie@qcinc.org
257,b41923cd-cdf8-4425-8f8c-78f63daf89f0,Pool,254,1,0.42,0.2,0.2,0.1,,,0.8,,,,,,,,,,,,90,10,,,8283f953-20ae-4fdd-9e33-feef42407684,5/22/2019 14:16,richie@qcinc.org,5/22/2019 14:16,richie@qcinc.org
258,8b6733a8-35cb-47d9-8ece-3d1ad7b5b795,Riffle,255,1,0.23,0.2,,,,,1,,,,,,,,,,,,40,60,,,8283f953-20ae-4fdd-9e33-feef42407684,5/22/2019 14:16,richie@qcinc.org,5/22/2019 14:16,richie@qcinc.org
259,71b637a1-ffe8-4b34-8dd8-852ab045ab1a,Pool,256,1,0.34,0.18,0.1,,,,0.9,,,,,,,,,,,,90,10,,,8283f953-20ae-4fdd-9e33-feef42407684,5/22/2019 14:16,richie@qcinc.org,5/22/2019 14:16,richie@qcinc.org
260,a197e9b1-6fd9-4a89-83c0-e2daf596a216,Riffle,257,1,0.35,0.14,0.2,0.1,,,0.8,,,,,,,,,,,,30,50,20,,8283f953-20ae-4fdd-9e33-feef42407684,5/22/2019 14:16,richie@qcinc.org,5/22/2019 14:16,richie@qcinc.org
261,afb9463c-9368-40a3-bf25-210a627abad6,Run,258,1,0.31,0.31,0.2,,,,0.8,,,,,,,,,,,,90,10,,,8283f953-20ae-4fdd-9e33-feef42407684,5/22/2019 14:16,richie@qcinc.org,5/22/2019 14:16,richie@qcinc.org
262,546f070e-e21a-452f-a8df-6697ebbb92fa,Riffle,259,1,0.2,0.15,0.1,0.2,,,0.8,,,,,,,,,,,,30,60,10,,8283f953-20ae-4fdd-9e33-feef42407684,5/22/2019 14:16,richie@qcinc.org,5/22/2019 14:16,richie@qcinc.org
263,8c8a9b5d-acb8-4fd4-a6fc-b804389ed697,Pool,260,1,0.42,0.26,0.7,,,,0.3,,,,,,,,,,,,80,20,,,8283f953-20ae-4fdd-9e33-feef42407684,5/22/2019 14:16,richie@qcinc.org,5/22/2019 14:16,richie@qcinc.org
264,539aee07-59be-4bdf-bb9f-b033713efda9,Pool,261,1,0.41,0.2,,,,,1,,,,,,,,,,,,90,10,,,8283f953-20ae-4fdd-9e33-feef42407684,5/22/2019 14:16,richie@qcinc.org,5/22/2019 14:16,richie@qcinc.org
265,ffec11f4-2de2-472d-84f5-a75d3793ebeb,Riffle,262,1,0.25,0.21,0.5,0.1,,,0.5,,,,,,,,,,,,60,40,,,8283f953-20ae-4fdd-9e33-feef42407684,5/22/2019 14:16,richie@qcinc.org,5/22/2019 14:16,richie@qcinc.org
266,e03cfada-b89c-46ea-9904-aa8b9c6845a2,Pool,263,1,0.49,0.21,0.4,,,,0.6,,,,,,,,,,,,80,20,,,8283f953-20ae-4fdd-9e33-feef42407684,5/22/2019 14:16,richie@qcinc.org,5/22/2019 14:16,richie@qcinc.org
267,f182f574-a28c-44c2-9ba6-dce6702ef2cd,Riffle,264,1,0.31,0.29,0.2,0.1,,,0.7,,,,,,,,,,,,70,30,,,8283f953-20ae-4fdd-9e33-feef42407684,5/22/2019 14:16,richie@qcinc.org,5/22/2019 14:16,richie@qcinc.org
268,40b7ad01-d0af-4665-aace-5b78e8135d30,Pool,265,1,0.43,0.23,,0.1,,,0.9,,,,,,,,,,,,90,10,,,8283f953-20ae-4fdd-9e33-feef42407684,5/22/2019 14:16,richie@qcinc.org,5/22/2019 14:16,richie@qcinc.org
269,b777f4bc-529c-405c-a562-438581d74857,Riffle,266,1,0.26,0.22,0.1,,,,0.9,,,,,,,,,,,,60,40,,,8283f953-20ae-4fdd-9e33-feef42407684,5/22/2019 14:16,richie@qcinc.org,5/22/2019 14:16,richie@qcinc.org
270,ba2e8e42-fba6-4356-a33a-3e678a0d9044,Pool,267,1,0.57,0.22,0.2,,,,0.8,,,,,,,,,,,,90,10,,,8283f953-20ae-4fdd-9e33-feef42407684,5/22/2019 14:16,richie@qcinc.org,5/22/2019 14:16,richie@qcinc.org
271,573a29d2-b4e8-4d6e-b445-7430cfbe0024,Riffle,268,1,0.29,0.21,0.4,0.1,,,0.6,,,,,,,,,,,,40,60,,,8283f953-20ae-4fdd-9e33-feef42407684,5/22/2019 14:16,richie@qcinc.org,5/22/2019 14:16,richie@qcinc.org
272,30301953-bc63-4dc2-b701-3cce560260de,Pool,269,1,,0.2,,0.1,0.1,,0.8,,,,,,,,,,,,80,20,,,8283f953-20ae-4fdd-9e33-feef42407684,5/22/2019 14:16,richie@qcinc.org,5/22/2019 14:16,richie@qcinc.org
273,6b26de08-6339-48ad-a4cd-6ec4e21ad590,Riffle,270,1,,0.18,,,,,1,,,,,,,,,,,,30,40,30,,8283f953-20ae-4fdd-9e33-feef42407684,5/22/2019 14:16,richie@qcinc.org,5/22/2019 14:16,richie@qcinc.org
274,ac413e72-ece6-4940-b1be-2d74302a7af7,Pool,271,1,0.5,0.2,,0.1,,,0.9,,,,,,,,,,,,90,10,,,8283f953-20ae-4fdd-9e33-feef42407684,5/22/2019 14:16,richie@qcinc.org,5/22/2019 14:16,richie@qcinc.org
275,3806dd1f-e55b-4e40-9c49-cf81c8e8e73b,Pool,272,1,0.53,0.22,0.3,,,,0.7,,,,,,,,,,,,90,10,,,8283f953-20ae-4fdd-9e33-feef42407684,5/22/2019 14:16,richie@qcinc.org,5/22/2019 14:16,richie@qcinc.org
276,a3b4ca1f-4316-4848-ba83-14e1025f1b25,Riffle,273,1,0.26,0.2,,,,,1,,,,,,,,,,,,50,40,10,,8283f953-20ae-4fdd-9e33-feef42407684,5/22/2019 14:16,richie@qcinc.org,5/22/2019 14:16,richie@qcinc.org
277,961eefe1-fb94-4f52-892e-ed218cf1cb88,Pool,274,1,0.55,0.21,,0.2,,,0.8,,,,,,,,,,,,90,10,,,8283f953-20ae-4fdd-9e33-feef42407684,5/22/2019 14:16,richie@qcinc.org,5/22/2019 14:16,richie@qcinc.org
278,c1a14a4e-e884-4bfb-849b-529095a88cc4,Riffle,275,1,0.27,0.23,0.1,0.3,,,0.7,,,,,,,,,,,,40,50,10,,8283f953-20ae-4fdd-9e33-feef42407684,5/22/2019 14:16,richie@qcinc.org,5/22/2019 14:16,richie@qcinc.org
279,3fbca2b8-3b31-49e5-ab9c-ef1c0cd84121,Pool,276,1,0.65,0.28,,0.4,0.1,,0.6,,,,,,,,,,,,90,10,,,8283f953-20ae-4fdd-9e33-feef42407684,5/22/2019 14:16,richie@qcinc.org,5/22/2019 14:16,richie@qcinc.org
280,9fc83dad-d85d-4b42-a255-323cf1565a55,Riffle,277,1,0.26,0.24,0.1,,,,0.9,,,,,,,,,,,,50,40,10,,8283f953-20ae-4fdd-9e33-feef42407684,5/22/2019 14:16,richie@qcinc.org,5/22/2019 14:16,richie@qcinc.org
281,3cdf90ba-f278-4840-911e-7404c2c92cd5,OCA,278,1,0.12,0.1,,0.4,0.1,,0.6,,,,,,,,,,,,100,,,,8283f953-20ae-4fdd-9e33-feef42407684,5/22/2019 14:16,richie@qcinc.org,5/22/2019 14:16,richie@qcinc.org
282,d036c744-6251-45f5-a75e-1812d8809a11,Pool,279,1,0.47,0.18,,0.1,,,0.9,,,,,,,,,,,,90,10,,,8283f953-20ae-4fdd-9e33-feef42407684,5/22/2019 14:16,richie@qcinc.org,5/22/2019 14:16,richie@qcinc.org
283,665a0fb6-b9fc-477b-a691-37117c917cde,Riffle,280,1,0.21,0.21,,,,,1,,,,,,,,,,,,30,60,10,,8283f953-20ae-4fdd-9e33-feef42407684,5/22/2019 14:16,richie@qcinc.org,5/22/2019 14:16,richie@qcinc.org
284,07b6cf17-0e3c-4f55-a7cb-fe588c179695,OCA,281,1,0.47,0.1,,0.7,,,0.2,,,,,,,,,,,,100,,,,8283f953-20ae-4fdd-9e33-feef42407684,5/22/2019 14:16,richie@qcinc.org,5/22/2019 14:16,richie@qcinc.org
285,22a2719a-27a8-4048-9ec5-2bdce9ee1c06,Pool,282,1,0.59,0.22,,0.1,,,0.9,,,,,,,,,,,,90,10,,,8283f953-20ae-4fdd-9e33-feef42407684,5/22/2019 14:16,richie@qcinc.org,5/22/2019 14:16,richie@qcinc.org
286,94d41d1e-8df8-4e6e-aedd-8bd227d93cc7,Riffle,283,1,0.24,0.24,,,,,0.9,,,,,,,,,,,,40,60,,,8283f953-20ae-4fdd-9e33-feef42407684,5/22/2019 14:16,richie@qcinc.org,5/22/2019 14:16,richie@qcinc.org
287,902783f0-e5ef-4e63-a954-70e1f3ad037e,Pool,284,1,0.55,0.19,,0.1,,,0.9,,,,,,,,,,,,90,10,,,8283f953-20ae-4fdd-9e33-feef42407684,5/22/2019 14:16,richie@qcinc.org,5/22/2019 14:16,richie@qcinc.org
288,f42db946-3e5c-421d-9bd8-63c7006a6eb9,Riffle,285,1,0.3,0.3,,,,,1,,,,,,,,,,,,40,60,,,8283f953-20ae-4fdd-9e33-feef42407684,5/22/2019 14:16,richie@qcinc.org,5/22/2019 14:16,richie@qcinc.org
289,3b370989-be07-48c7-93c7-3a43d62614b6,Pool,286,1,0.47,0.15,,0.1,,,0.9,,,,,,,,,,,,80,20,,,8283f953-20ae-4fdd-9e33-feef42407684,5/22/2019 14:16,richie@qcinc.org,5/22/2019 14:16,richie@qcinc.org
290,e9f5c2b2-e937-485d-97b2-893e59567d11,Riffle,287,1,0.19,0.19,,,,,1,,,,,,,,,,,,40,60,,,8283f953-20ae-4fdd-9e33-feef42407684,5/22/2019 14:16,richie@qcinc.org,5/22/2019 14:16,richie@qcinc.org
291,dfe2ebe5-4986-4abe-8d43-702b2c9ef6f8,Pool,288,1,,0.63,,0.1,0.1,,0.9,,,,,,,,,,,,90,10,,,8283f953-20ae-4fdd-9e33-feef42407684,5/22/2019 14:16,richie@qcinc.org,5/22/2019 14:16,richie@qcinc.org
292,08deb893-6d82-44fa-bd18-7819fbf246bd,Riffle,289,1,0.21,0.19,,,,,1,,,,,,,,,,,,30,60,10,,8283f953-20ae-4fdd-9e33-feef42407684,5/22/2019 14:16,richie@qcinc.org,5/22/2019 14:16,richie@qcinc.org
293,b6975f3d-6c2e-4a83-a9e2-43dae1386af2,Pool,290,1,0.66,0.19,,,,,1,,,,,,,,,,,,90,10,,,8283f953-20ae-4fdd-9e33-feef42407684,5/22/2019 14:16,richie@qcinc.org,5/22/2019 14:16,richie@qcinc.org
294,7cbe23d7-ac9f-40f5-9d47-d0aa0624993c,Riffle,291,1,,0.2,,0.1,,,0.9,,,,,,,,,,,,20,70,10,,8283f953-20ae-4fdd-9e33-feef42407684,5/22/2019 14:16,richie@qcinc.org,5/22/2019 14:16,richie@qcinc.org
295,6b929596-d962-4b7f-8a33-c28c19b45927,Pool,292,1,0.53,0.2,0.1,0.1,0.1,,0.9,,,,,,,,,,,,90,10,,,8283f953-20ae-4fdd-9e33-feef42407684,5/22/2019 14:16,richie@qcinc.org,5/22/2019 14:16,richie@qcinc.org
296,c979ef19-d102-4f7d-850a-4a79c154e46b,Riffle,293,1,0.35,0.35,,,,,1,,,,,,,,,,,,50,50,,,8283f953-20ae-4fdd-9e33-feef42407684,5/22/2019 14:16,richie@qcinc.org,5/22/2019 14:16,richie@qcinc.org
297,cba425ac-bf85-4b03-aacd-d6f7eea6023a,Pool,294,1,0.64,0.23,,0.2,,,0.8,,,,,,,,,,,,90,,10,,8283f953-20ae-4fdd-9e33-feef42407684,5/22/2019 14:16,richie@qcinc.org,5/22/2019 14:16,richie@qcinc.org
298,93876a68-cf6a-4d8f-a19f-8f198f716cc3,Riffle,295,1,,0.275,,0.1,,,0.9,,,,,,,,,,,,80,10,10,,8283f953-20ae-4fdd-9e33-feef42407684,5/22/2019 14:16,richie@qcinc.org,5/22/2019 14:16,richie@qcinc.org
299,da23cd61-80e9-4a59-b5d1-e32f0a8b3694,Pool,296,1,0.51,0.2,0.1,0.1,,,0.9,,,,,,,,,,,,90,10,,,8283f953-20ae-4fdd-9e33-feef42407684,5/22/2019 14:16,richie@qcinc.org,5/22/2019 14:16,richie@qcinc.org
300,f1b75d8f-6f62-4712-a24a-1e02b72a3567,Riffle,297,1,0.18,0.18,,0.1,,,0.9,,,,,,,,,,,,70,20,10,,8283f953-20ae-4fdd-9e33-feef42407684,5/22/2019 14:16,richie@qcinc.org,5/22/2019 14:16,richie@qcinc.org
301,51554bca-b132-4127-b1e6-4e36ce5be6fb,Pool,298,1,0.43,0.2,,0.2,,,0.8,,,,,,,,,,,,90,,10,,8283f953-20ae-4fdd-9e33-feef42407684,5/22/2019 14:16,richie@qcinc.org,5/22/2019 14:16,richie@qcinc.org
302,14490e0d-c81f-47da-a82f-95c6462ac7d2,Riffle,299,1,0.2,0.17,,0.2,0.1,,0.8,,,,,,,,,,,,50,30,20,,8283f953-20ae-4fdd-9e33-feef42407684,5/22/2019 14:16,richie@qcinc.org,5/22/2019 14:16,richie@qcinc.org
303,cbfa263b-222a-4b55-96e5-968f235be726,OCA,300,1,0.11,0.11,0.2,0.1,,,0.7,,,,,,,,,,,,100,,,,8283f953-20ae-4fdd-9e33-feef42407684,5/22/2019 14:16,richie@qcinc.org,5/22/2019 14:16,richie@qcinc.org
304,4cc19236-adb8-4d9e-a162-89450e38ee4a,Pool,301,1,0.46,0.26,,0.2,,,0.8,,,,,,,,,,,,90,10,,,8283f953-20ae-4fdd-9e33-feef42407684,5/22/2019 14:16,richie@qcinc.org,5/22/2019 14:16,richie@qcinc.org
305,9a778779-ce0f-4184-9262-ec532fe603c9,Riffle,302,1,0.47,0.26,0.1,0.5,,,0.5,,,,,,,,,,,,60,30,10,,8283f953-20ae-4fdd-9e33-feef42407684,5/22/2019 14:16,richie@qcinc.org,5/22/2019 14:16,richie@qcinc.org
306,3dfbe43f-55e0-4e32-b42e-2eac51d8bf7a,SSC,303,10,0.27,0.13,0.1,0.2,0.1,,0.7,,,,,,,,,,,,80,10,10,,8283f953-20ae-4fdd-9e33-feef42407684,5/22/2019 14:16,richie@qcinc.org,5/22/2019 14:16,richie@qcinc.org
307,7dbdd5dc-8ce5-43aa-9634-27bcef190900,Pool,304,1,0.5,0.15,,0.2,,,0.8,,,,,,,,,,,,90,10,,,8283f953-20ae-4fdd-9e33-feef42407684,5/22/2019 14:16,richie@qcinc.org,5/22/2019 14:16,richie@qcinc.org
308,6956f684-41ad-40fd-8ff1-06fad70ac412,Riffle,305,1,0.17,0.14,,0.1,,,0.9,,,,,,,,,,,,20,60,20,,8283f953-20ae-4fdd-9e33-feef42407684,5/22/2019 14:16,richie@qcinc.org,5/22/2019 14:16,richie@qcinc.org
309,85d37a1e-8866-4606-a348-f86b52b49245,Pool,306,1,0.59,0.15,0.4,0.1,0.1,,0.5,,,,,,,,,,,,90,10,,,8283f953-20ae-4fdd-9e33-feef42407684,5/22/2019 14:16,richie@qcinc.org,5/22/2019 14:16,richie@qcinc.org
310,bd7ee7b3-f8f7-43e0-bd30-2a28eef7384a,Riffle,307,1,0.2,0.17,,0.1,,,0.9,,,,,,,,,,,,60,30,10,,8283f953-20ae-4fdd-9e33-feef42407684,5/22/2019 14:16,richie@qcinc.org,5/22/2019 14:16,richie@qcinc.org
311,def5cf8a-7340-4b0b-855c-7937a238b1f8,Pool,308,1,0.54,0.28,,,,,1,,,,,,,,,,,,90,10,,,8283f953-20ae-4fdd-9e33-feef42407684,5/22/2019 14:16,richie@qcinc.org,5/22/2019 14:16,richie@qcinc.org
312,b4a5f3a9-ae6e-4ff0-96e7-b179f202f364,Riffle,309,1,0.23,0.16,,0.1,,,0.9,,,,,,,,,,,,50,30,20,,8283f953-20ae-4fdd-9e33-feef42407684,5/22/2019 14:16,richie@qcinc.org,5/22/2019 14:16,richie@qcinc.org
313,297a24d3-7092-4afd-bd84-84266ff7d0a0,SSC,310,10,0.4,0.2,,0.2,0.1,,0.7,,,,,,,,,,,,100,,,,8283f953-20ae-4fdd-9e33-feef42407684,5/22/2019 14:16,richie@qcinc.org,5/22/2019 14:16,richie@qcinc.org
314,6d3cc152-b429-4461-9e46-8079ee9251c0,Pool,311,1,0.45,0.14,,0.1,,,0.9,,,,,,,,,,,,90,10,,,8283f953-20ae-4fdd-9e33-feef42407684,5/22/2019 14:16,richie@qcinc.org,5/22/2019 14:16,richie@qcinc.org
315,abbecc39-882d-4969-af4b-cdc9d7e9acbc,Riffle,312,1,0.2,0.2,,,,,0.9,,,,,,,,,,,,50,40,10,,8283f953-20ae-4fdd-9e33-feef42407684,5/22/2019 14:16,richie@qcinc.org,5/22/2019 14:16,richie@qcinc.org
316,bd6dd290-f004-4318-b11f-3eeebf92f446,Pool,313,1,0.48,0.16,0.1,0.1,0.1,,0.8,,,,,,,,,,,,80,10,10,,8283f953-20ae-4fdd-9e33-feef42407684,5/22/2019 14:16,richie@qcinc.org,5/22/2019 14:16,richie@qcinc.org
317,5da0e11d-6c0c-49d2-8fe0-06c8b942475b,Riffle,314,1,0.25,0.2,0.1,0.1,,,0.9,,,,,,,,,,,,70,10,20,,8283f953-20ae-4fdd-9e33-feef42407684,5/22/2019 14:16,richie@qcinc.org,5/22/2019 14:16,richie@qcinc.org
