ObjectID	GlobalID	"Discharge Location (BOS, TOS, CU #)"	ParentGlobalID	CreationDate	Creator	EditDate	Editor
1	feb7f96c-0ed0-4d3a-b1ac-85f73aef9cea	1	f53043c5-c346-42e9-9d52-3d7de5440459	6/26/2019 23:15	richie@qcinc.org	6/26/2019 23:15	richie@qcinc.org
2	f773f552-fc7a-471e-842f-c02ceba80536	91	f53043c5-c346-42e9-9d52-3d7de5440459	6/26/2019 23:15	richie@qcinc.org	6/26/2019 23:15	richie@qcinc.org
3	e18bec03-c3ed-49c8-abcf-170b7840e317	134	f53043c5-c346-42e9-9d52-3d7de5440459	6/26/2019 23:15	richie@qcinc.org	6/26/2019 23:15	richie@qcinc.org
							
							
							
							
							
							
